static const char kernel_config_data[] __used = MAGIC_START
	"\x1f\x8b\x08\x00\x00\x00\x00\x00\x02\x03\x94\x3c\xdb\x72\xdb\xb8"
	"\x92\xef\xf3\x15\x2a\xcf\x79\xd8\xad\xda\x93\x48\x96\x22\x3b\x75"
	"\x4a\x0f\x20\x09\x4a\x38\x22\x09\x9a\x00\x25\xdb\x2f\x2c\xc5\x56"
	"\x32\xae\xf1\x25\x2b\xcb\x39\x93\xfd\xfa\xed\x06\x48\x11\x80\x00"
	"\x39\x93\x87\x94\xd9\xdd\x68\xdc\x1a\x7d\x43\x43\xbf\xff\xf6\xfb"
	"\x80\xbc\xed\x5f\x9e\x36\xfb\x87\xbb\xcd\xe3\xe3\xcf\xc1\xb7\xed"
	"\xf3\x76\xb7\xd9\x6f\xef\x07\x5f\x1f\x1e\xb7\xff\x1a\x24\x7c\x50"
	"\x70\x39\xa0\x09\x93\x1f\x80\x38\x7b\x78\x7e\xfb\xeb\xe3\x66\xf7"
	"\x34\x9d\x0c\x26\x1f\x46\x93\x0f\xe3\xf1\x74\xb0\xdc\xee\x9e\xb7"
	"\x8f\x83\xf8\xe5\xf9\xeb\xc3\xb7\x37\x68\xfd\xf0\xf2\xfc\xdb\xef"
	"\xbf\xc5\xbc\x48\xd9\xbc\x21\x55\x3e\x9d\xcc\x7e\x76\x9f\xd3\x49"
	"\xc4\x64\xff\x49\xaa\x78\xd1\x94\x8b\x1b\xd1\x90\x24\xa9\x1a\xe9"
	"\xe2\xf3\xbc\x36\x89\x81\x55\x53\x92\x39\x6d\xc4\x82\xa5\x72\x36"
	"\x3a\xb7\x51\xf0\x21\x5b\xd4\xc4\xea\x21\xcf\x49\xd9\x54\x45\xd2"
	"\x00\x73\xd1\xe4\xac\x98\x8d\x2e\x4f\x11\x90\xeb\xd9\x79\x80\x43"
	"\xcc\xf3\x92\x48\x83\xd1\xe8\x17\xe8\x80\xdf\x68\xda\xd1\x15\xbc"
	"\x61\xbc\xe4\x95\x04\x78\xd9\xcf\x4e\x48\x12\x2f\x65\x45\x62\x98"
	"\x5d\x5d\x22\xbe\xc7\xb1\x2c\xa3\x73\x92\x35\x25\x67\x85\xa4\x55"
	"\xb3\x22\x59\x4d\x67\xc3\xbf\xee\xb7\x9b\xfb\xa1\xf1\xaf\xa3\xcf"
	"\x78\xbc\x4c\x68\x79\xcc\x48\xf3\x67\xd5\x55\x9a\x91\xb9\x38\xc6"
	"\x57\x6b\x41\xf3\xe6\x3a\x5e\xcc\x61\x3f\x1a\x92\xcd\x79\xc5\xe4"
	"\x22\xef\x09\xe6\xb4\xa0\x15\x8b\x9b\xa8\x9e\x7b\x81\x4d\x45\x33"
	"\x22\xd9\x8a\x76\x63\x15\xc7\x64\x8b\x35\x65\xf3\x85\x3c\x46\xc4"
	"\xa2\xf6\x74\x15\x93\x8c\x45\x15\x91\xb4\x49\x80\xf7\x4d\x4f\x70"
	"\xcb\x0b\x80\xe5\xa4\x87\x2c\x08\x74\xdc\xb5\x9b\xd7\xa5\x23\x68"
	"\x40\x1b\x90\xb3\x82\xd2\x44\xa1\x71\xfb\x60\x27\x24\x75\x70\x62"
	"\xae\xd0\x19\x2d\xe6\x72\x61\x6c\x5a\x6e\xee\xe0\x9a\x71\x99\x45"
	"\xc6\xb6\x71\x90\xdf\x66\x41\xb3\x92\x56\x3d\x74\x49\xab\x82\x66"
	"\x4d\xce\x13\x0a\xbc\x79\xd1\x63\x52\x76\xdd\x50\x52\x65\x37\xf0"
	"\xdd\xe4\xd4\x58\x8b\x72\x2e\x49\x94\x51\xe8\x7f\x45\x33\x31\x1b"
	"\x5b\xd3\x6a\x77\x51\x34\x75\x59\xf1\x88\x0a\xf7\x78\x55\x3c\x6e"
	"\x96\x31\xaf\x68\x23\xe9\xb5\x31\xe9\x84\xa6\x9d\xbc\x30\x21\x67"
	"\x67\x1f\x1f\x1f\xbe\x7c\x7c\x7a\xb9\x7f\x7b\xdc\xbe\x7e\xfc\x47"
	"\x5d\x90\x9c\xe2\x76\x52\x22\xe8\xc7\x0f\x77\xea\x78\x9f\x1d\x04"
	"\x89\xf3\xec\x20\x3f\x48\x65\x4c\x10\xc4\xab\x59\xf3\x6a\xd9\x43"
	"\xa2\x9a\x65\x89\x64\xc0\x0f\x06\xa0\x26\x22\x6c\xb1\x5c\x54\x94"
	"\x24\x0d\x2b\x52\x38\x1b\x45\x23\x89\xc0\xc6\xa0\x44\x7e\x1f\xcc"
	"\x95\x46\x7a\x1c\xbc\x6e\xf7\x6f\xdf\x7b\xb5\xc2\x0a\x26\x1b\x5a"
	"\xac\x60\x8a\x38\xfc\x1c\x36\x73\x7c\xd0\x06\x71\xc5\x85\x50\x27"
	"\x90\x65\x74\x76\x76\x06\x6c\x3a\x8c\x86\xc1\x42\x08\x39\x78\x78"
	"\x1d\x3c\xbf\xec\x91\xb3\x71\x6e\x48\xb6\x02\xa1\x65\xb0\x2d\x67"
	"\x67\x3e\x70\x43\x6a\xc9\xad\x35\x24\x75\x26\x9b\x05\x17\x12\x17"
	"\x6c\x76\xf6\x5f\xcf\x2f\xcf\xdb\xff\x3e\xeb\x85\x42\x1d\xf2\xc3"
	"\x08\xc4\x8d\x58\xb1\x32\x36\x3b\x3f\xe0\x4a\x2e\x40\x02\xf2\xab"
	"\x9a\xd6\xd4\x33\x3a\x3d\x2d\x90\x0b\x5e\xdd\x34\x44\x82\xbe\x58"
	"\x98\x9c\x6b\x41\xe1\xa0\x78\xda\x91\x3a\x31\x65\x5d\x1d\x12\x25"
	"\x19\x0a\x01\x03\x82\xd9\x65\x86\xd0\x84\xa1\xcd\x9a\xc8\x78\xe1"
	"\x02\x65\x45\x69\xb7\x5d\xb0\xf7\x83\xd7\xb7\x2f\xaf\x3f\x5f\xf7"
	"\xdb\xa7\x7e\xbb\xba\x33\x89\xa2\xa1\x84\xf4\xf8\x98\x23\x4a\x2c"
	"\xf8\x3a\x8c\xd1\xd2\xef\xc7\xd3\x34\xa5\xb1\xd2\x3b\x24\x4d\xe1"
	"\x14\x8b\xa5\x9f\x2e\x67\x73\x50\x25\xcc\x3c\x75\x0b\x52\x25\x80"
	"\x02\x69\x5e\x83\x20\x0b\x5a\x24\xb6\x28\x27\x3c\x27\xac\xf0\xc1"
	"\x9a\x05\xa3\x15\xae\xe4\x8d\xc9\xad\x48\x40\xc0\x5a\x02\xa0\xb5"
	"\x1b\xa6\xbc\x8a\x41\x9d\x68\x81\x67\x85\xa1\x44\x45\x49\x2a\x41"
	"\xed\x16\x6a\x97\x62\xd4\xe6\x82\xd7\xd0\xb0\x49\x88\x24\xc7\x13"
	"\x53\x27\x6b\x75\xb4\x65\x07\x05\x8a\x0c\x60\xe9\x0a\xe9\xaa\x86"
	"\x05\x11\xd0\x38\x5e\x36\x51\xc5\x49\x12\x13\x21\x4f\xb6\xb6\xc8"
	"\xd4\x76\xcb\x87\xa7\xed\xee\xd5\xb7\xe3\x8a\x2d\x28\x68\xd8\x38"
	"\x53\xcf\xf2\x66\x71\x8b\xa7\x30\x57\x3b\x70\x90\x5d\x00\x82\x8e"
	"\x64\x3c\x61\xb1\x47\x80\x75\x2b\x06\xeb\x6a\xb6\xd1\xd0\xb4\xce"
	"\xb2\x50\x13\x63\x57\xc0\xe0\xe0\xe6\xaa\xa5\x52\x36\x49\x0d\x3f"
	"\x2e\xeb\x8f\x72\xf3\xfa\xe7\x60\x0f\xf3\x18\x6c\x9e\xef\x07\xaf"
	"\xfb\xcd\xfe\x75\xb0\xb9\xbb\x7b\x79\x7b\xde\x3f\x3c\x7f\x73\x26"
	"\x04\x0d\x1a\x12\xc7\xbc\x2e\xa4\xde\xbc\xc3\x68\x56\x0c\xf4\xa0"
	"\x8d\xc6\x25\xf4\x9e\x73\x14\x04\xb5\x67\x3d\xad\x97\x4e\xc4\x0b"
	"\x90\x95\x35\xc9\xa4\x17\x1d\x89\x44\x29\x77\x0a\x5a\x01\x38\xf9"
	"\x14\x1a\x6a\x52\x34\x67\xc2\x1c\x2a\x02\xb5\x2d\x3d\xd5\xac\xb9"
	"\x46\xa4\xa1\xa3\x11\xc6\xb8\x3d\xfd\x4e\x71\x09\x66\x76\x00\x9f"
	"\x07\xc5\x98\x30\x81\x0a\x3f\x31\x7b\x51\x6b\x5f\xc5\xf5\x40\x1c"
	"\xcb\x4d\x09\xca\x24\x2f\xc1\xa4\xc4\xb5\xc9\x12\x3e\xc1\x76\x80"
	"\x8c\xf8\x86\x2b\x34\xf1\xc1\xc7\xa1\xd4\x05\xe1\x32\x34\x1e\x90"
	"\xf6\x87\x2c\x04\xf6\x04\x4b\x96\x65\xbd\x98\x1a\x18\xed\x0c\xd0"
	"\x79\x1c\x29\x9b\x69\x5b\x38\xf0\xf6\x8a\xf3\xd8\x38\xf0\x4b\xfd"
	"\xc7\x31\x44\xed\x9b\x39\x3f\xb6\x5c\x80\x42\x00\xd1\xf4\x5a\x25"
	"\xe4\x9f\xb6\x9e\xed\xf9\xc8\x84\xa3\xc4\x81\x7b\x69\xe0\x7b\xa7"
	"\xb8\xac\xc0\x03\x5b\x36\x82\xa4\xd4\xe1\x31\x1a\xbb\xa7\x5c\x8b"
	"\x9a\x3a\xeb\xdd\xe1\x10\x77\x7f\x6c\xd1\x17\xd8\x0d\xbe\x6e\x37"
	"\xfb\xb7\xdd\xf6\xb5\xdf\xa5\x3a\xce\x48\x5e\x76\x86\xda\x06\xce"
	"\x2b\x5e\x97\x68\x7e\x41\x4a\xd0\xed\xed\x0d\x94\xc6\xa3\x8b\xc5"
	"\xcb\xd2\x2b\xd2\x05\x2f\x32\x56\x80\x0f\xd4\xa4\x15\xbd\x6a\x62"
	"\x99\x1d\xc9\x4d\x4a\x58\xa5\xc6\xa6\x86\xb6\x7f\x7b\xde\x7c\x79"
	"\x54\x43\xeb\xc5\x8f\x82\xdc\xd5\x92\x65\xa0\xdf\xb2\x34\x63\x30"
	"\xfd\xf1\xb9\xdf\xe0\x1e\x53\x8e\xa6\x9e\x1d\xf0\xd0\x5d\x3a\xaa"
	"\xf4\xe0\x84\x15\x35\xf8\x89\x11\xc9\x48\x11\x5b\x67\x24\xd6\xeb"
	"\x62\x1c\x1a\x0c\x64\xd4\x2a\x99\xde\x21\x98\xf7\x78\xee\x7c\x76"
	"\x4e\xc4\x11\x0c\x3c\x20\x75\xb8\x0c\x39\xcc\x96\x6d\x4f\xa6\x74"
	"\x25\x14\x5d\xf3\x1e\xe7\x73\x2e\x14\xa2\x59\x83\xbf\x4f\x23\x12"
	"\x2f\xdd\x81\x6b\x09\x31\x7c\x55\xd8\x86\xc6\xc6\xf4\x5e\x56\x0a"
	"\xa6\x02\xec\xe0\x9a\x25\x72\xe1\x5d\x78\xd0\x95\x46\x5b\xcf\x70"
	"\x0c\x01\x6b\x8e\xa6\xd3\x8e\xa8\x64\x89\xf0\x72\x6f\xf1\x15\x78"
	"\xec\xe1\x99\x82\x80\xd1\x5b\x73\xe5\xe1\x28\x09\x6a\x9a\x48\xe5"
	"\x38\x43\x27\x2d\xc6\x33\x82\x84\xae\x58\x4c\xc3\x7d\x40\xc3\x56"
	"\x89\x1e\x8d\x9d\x56\x69\xb8\x5d\x54\xa6\xde\xde\x60\x17\x7d\xea"
	"\x8f\xc7\xcb\x03\x8d\xe5\x20\xa0\x47\x0a\x7e\x45\x6c\xc6\x04\x35"
	"\xca\xa8\x70\x1c\xc7\x0a\x40\x3e\xb9\x87\xc9\x17\xc2\x0c\x85\xa4"
	"\xd3\x56\xeb\x0d\xf4\x89\x43\x82\xa5\x29\x64\x5d\x50\x5b\x22\xb5"
	"\x79\x80\xbe\x1b\x54\x41\x73\xb0\x45\x6b\x52\x51\xbf\x1d\xbc\x11"
	"\x20\x51\x10\xd0\x56\x34\x86\xd0\x2c\xf1\x8b\x14\x1a\x34\x4f\xff"
	"\x28\xf5\xb0\x4f\x2a\x62\xa8\x4c\xd7\x0e\xbf\x49\x0e\x8c\xb5\x6f"
	"\x65\xf8\xfb\x55\xd2\xcc\x6f\x99\x25\x72\x00\x8a\x00\xe4\x57\x23"
	"\x80\xcc\x6e\x6d\x59\x33\x71\xd7\xb7\xe1\x56\x3c\x8c\x9a\xf8\xe4"
	"\x23\x06\xd5\x09\xae\x03\xbb\xa5\xe8\x4a\x2a\x31\xe2\x55\x0e\xba"
	"\xc6\x5a\x5d\x97\x4c\xc0\x1f\xbe\xad\x01\x8f\x51\x66\x4e\x64\x50"
	"\xb3\x64\x34\x35\xdc\x52\x45\x03\xb6\x37\xa6\x25\xfa\xcd\xda\x64"
	"\x1a\x0a\x47\x89\x6a\xfb\xa1\x2d\xb4\x21\x6b\x36\xaf\x1c\x76\x9c"
	"\xa1\xb4\x59\x12\x34\xa7\x12\xfd\xf5\xa6\xf5\x5f\xfd\xe3\xc4\x6d"
	"\x72\xfd\xdb\x76\x68\x3d\xfc\xc0\x33\xd5\x5e\xb8\x4f\xa2\x55\x88"
	"\x75\xf0\x02\x2d\x4b\x69\x5a\x73\x43\x05\xd3\x2c\x6d\x30\x7a\x36"
	"\xd0\x10\x11\x2b\xc7\xd3\x50\x87\x35\xc4\xd6\xce\x27\x1c\x1f\x83"
	"\x4b\xc9\xad\xb1\xb3\x79\x01\xa6\xc4\x90\x47\x35\x26\x13\xa0\x7c"
	"\x6e\x13\x20\x16\x56\x4e\x80\x30\x23\x0e\x25\xc9\x8a\xc1\xa0\xda"
	"\xb5\x10\xbe\x68\x0f\x17\x5e\x1d\xba\x34\xc1\xcc\x15\xb7\x8d\x4e"
	"\x44\xaa\x8a\xd9\x3b\x03\x07\x37\x5e\xaa\x34\x0e\xba\xce\x92\x57"
	"\xbe\x05\x5d\x62\x77\x37\xb9\xd1\x63\x07\x69\x9c\x4d\xe9\xe1\x91"
	"\xe0\x19\x2c\x10\x4a\x2f\x68\x48\xef\x09\x38\x10\xab\xb5\xee\x92"
	"\x4a\x7e\x37\xb8\x4c\x9b\x4c\xe4\xbe\xa3\x0f\x98\xe3\x40\x16\xd7"
	"\x62\x4d\x60\x52\x9d\x0e\x42\xb2\x7f\x9b\x11\x72\x0b\x80\x09\xac"
	"\xc9\x8d\x68\xec\x50\x05\x91\x75\x01\x12\xb3\x3a\x30\xe0\x69\x1a"
	"\xe8\x1d\xb9\x1c\xa8\x0a\x57\xe9\xaa\x14\x50\x02\x9c\x68\x15\x9c"
	"\x19\xe8\xbc\x0c\x82\x2e\x9f\x89\xec\xf7\xd3\x10\x9a\x3c\xa2\x49"
	"\x62\x1a\x6a\x25\x00\xa8\x27\x9a\x43\x08\xd8\xfb\x3f\xf1\x68\x38"
	"\x39\xf2\xb0\xda\x84\x6e\xb9\xdd\x7d\x7d\xd9\x3d\x6d\x9e\xef\xb6"
	"\x03\xfa\x63\xfb\x0c\x71\x11\x81\x08\x29\xc6\xc8\x08\x82\x3e\xc3"
	"\x65\xf7\x33\xd7\x4e\x87\x42\xa2\x96\x5f\xe5\xb0\x0d\xdc\x17\xde"
	"\xad\x72\xdd\xba\x73\x86\x6c\x03\x93\xd5\xd1\xb1\xe5\xb3\xd1\xad"
	"\x43\xa4\xb4\x04\x2f\x7c\x6a\xb3\x4d\xc6\xaa\x9c\x94\xd1\x96\xf8"
	"\xd2\x25\xc8\xd2\x26\xe3\x7e\x32\x82\x3d\x57\x73\xda\xed\xb0\xcb"
	"\x5b\xb9\x18\x18\x26\x34\x15\xa8\x23\x9e\x07\x26\x60\x12\x62\x2e"
	"\x02\xcc\x61\x12\x18\x96\x72\xf7\x4b\x52\x49\x46\x6c\x3d\x28\x69"
	"\xae\x4c\x7f\x03\xa2\xc4\x52\x16\x3b\x29\x0e\xf0\x64\x52\x96\x59"
	"\xee\xa8\x52\xe3\xea\x70\x5b\xcb\xbd\xd4\x29\x44\x4f\xff\xff\xae"
	"\xc1\x1f\x83\xc1\x52\xeb\x50\x63\x70\x09\xe1\xc3\x92\xc2\x39\x11"
	"\xa0\x29\x03\x89\xb5\x3e\x33\xd9\x87\xfc\x28\x97\x2a\x0d\x0b\xe7"
	"\x0c\xb4\x21\xba\x11\x31\xc6\xb2\x9e\xe6\x8a\x96\xa6\x30\x31\x86"
	"\x72\x52\x17\x76\x0b\x47\xd8\x97\x6e\x1a\x54\x43\x2b\x2a\xbd\x08"
	"\xa5\x10\xd4\x72\x2c\x38\x5f\x3a\x48\x4c\xfa\xe2\xb5\x02\x9b\xd7"
	"\xbc\xf6\xe4\xb2\x05\x2c\x0a\x26\x26\xda\x8c\x8e\x27\xe9\x84\x48"
	"\xd4\xfd\xb0\x3c\xf2\x28\x23\x8d\x09\x18\x30\xd0\x92\xa5\x37\x9d"
	"\x1b\x72\x4c\x00\x0d\xdb\xac\x9f\x33\xb8\x8a\xce\x41\x9b\x16\x89"
	"\xbe\x3b\x68\x17\xa3\x21\xa6\xd9\x51\x74\x71\xe6\x9b\x16\xd0\xe9"
	"\x83\xe5\xe0\x16\x6b\x38\x28\x94\x68\xcd\xef\xd3\x23\xd8\xad\x0f"
	"\xae\xfc\x48\x3d\x94\xa4\x36\x13\xe3\xfd\x32\x5b\x42\x64\x4d\x05"
	"\x62\x6b\x9d\x19\x4e\x75\x36\xd1\x6a\xda\xee\xb6\x90\x55\x1d\x4b"
	"\x15\x38\xb9\x33\xcc\x4b\xbc\xb4\xd0\x99\xda\x00\x2e\xe1\x75\x94"
	"\x51\x9f\x21\x68\xd5\x03\x2b\xe3\x46\x27\xe1\xba\x14\xb0\x67\x06"
	"\x82\xc6\x48\xde\xc0\x79\xb2\xe2\xb6\x10\x5c\x5f\x49\x80\x43\x56"
	"\x66\xf5\x9c\xd9\xce\xb3\x01\x0e\x09\x3d\x50\xa8\x15\x05\xc9\x95"
	"\x34\x96\xa6\xd1\xf6\xa1\x4c\x0f\xd0\x46\x62\x68\xed\xb7\x9f\xc7"
	"\xa4\xb0\xc1\x75\x46\x2a\xbf\xff\xe9\xd0\xc2\x9e\x70\x4b\xaf\x2c"
	"\x58\xa1\x56\x0a\xac\x9a\x35\xd9\x4c\x72\x5f\x6e\xda\x8a\x9d\x81"
	"\x06\x84\x95\x98\xfc\x6c\x02\xe4\x9e\x99\xf9\x77\x6c\x81\x33\x73"
	"\x7a\xd2\x5c\xde\xed\x4f\x2c\x48\xc2\xd7\x78\xc3\x94\xe9\x79\x19"
	"\xc9\x1e\x5e\x36\xed\x2c\xd1\xeb\x75\xfb\x38\x6a\x19\xdc\x40\x50"
	"\x1e\xf4\x5a\x2a\x05\xb3\xb4\x34\xb0\x42\x07\xd2\x86\x0e\x95\x27"
	"\x61\xe8\x50\xe4\x1c\x4f\x61\x9d\x78\xc1\x79\x12\x50\x79\x05\x26"
	"\x9d\x51\xa3\x2e\xea\x39\xf5\x1c\x2b\xad\x82\x00\x87\xd6\xbb\x3c"
	"\xe2\x9d\xb4\xcb\x59\xd2\x18\x8d\x8e\xe1\x4f\xf2\xa4\xce\xa8\xd0"
	"\xd1\x5d\x96\x2a\xff\xcd\xa3\xd8\x14\x4a\x99\x46\x88\x4f\x7c\x5d"
	"\x5b\xd7\xb2\x0e\x03\x1b\xd7\xdf\xe7\x7a\x5a\x1b\x77\xb1\x21\x26"
	"\x26\xc9\x68\xe4\x58\xa9\x6e\xc0\xfe\x5c\x06\x13\x04\x02\x06\xa5"
	"\x77\x7d\x27\x26\xc3\x5b\x4a\xcc\xa8\x40\x78\x9b\x18\xfd\xf3\x2c"
	"\xc1\x28\x40\xd4\xb0\x7c\x45\x32\x36\xce\xb5\x1e\x4a\x8b\x27\x71"
	"\x6b\xca\xfb\xf3\x0a\xd2\x52\x70\xc3\x1c\xa6\x69\x50\x7d\xa8\x91"
	"\xaf\xda\x4b\x4d\x53\xbc\x2d\xd8\x81\xb5\x22\xe7\x2a\xce\x23\x59"
	"\x77\x51\x59\xad\xaf\xbd\xf3\x0e\x11\x77\xee\x50\xe8\xf4\x29\x93"
	"\x26\xc1\x36\x4a\xa3\x91\x79\x0f\x1e\x44\xb9\xcd\xb5\x98\x79\x9b"
	"\x5b\x28\x23\x47\x90\xaa\xf3\x13\xba\x35\x38\x74\x60\x5f\x68\xb6"
	"\x5f\xfa\x3e\x32\xe6\xab\x7f\x7e\xd9\xbc\x6e\xef\x07\x7f\x6a\x3f"
	"\xf9\xfb\xee\xe5\xeb\xc3\xa3\x75\x57\x70\xe0\x83\xd4\xad\xf7\x45"
	"\x1b\x2b\x0c\xb1\xae\xaa\xb5\x97\xb1\xa0\x78\x16\x8d\x6e\x61\x1a"
	"\x18\x47\x9a\x1e\x8b\x0a\x87\x04\xba\xd2\xb3\xa1\x73\xda\xcc\x89"
	"\xb6\xd3\x57\xb7\x4d\x4d\x20\x7e\x68\x69\xea\x02\xf1\xc1\xc6\x1a"
	"\xed\x6f\xde\x9a\x49\xe1\x1e\x7c\xcc\xbe\x1f\xae\x4b\xed\x20\xb0"
	"\x23\x60\x7e\x77\xbe\x45\xe3\x11\xa8\x1c\x57\xb0\xbf\xbe\xa8\x58"
	"\x0e\xc3\x02\xdd\x92\x34\x4b\x8c\x11\x83\x73\x13\xfa\x2e\x20\x03"
	"\xb7\xce\xf4\xbc\xa2\x36\xcb\x6d\x24\x88\x44\x2c\x18\x6c\xf3\x55"
	"\x4d\xad\xa4\x7e\x9b\x3a\x8a\x84\x75\xd5\x63\x80\x9d\x0b\xd7\x23"
	"\x12\x2c\x81\x98\x57\x4c\xde\x9c\xa4\xc2\x42\x86\xe4\x44\xea\x0a"
	"\x7c\x4b\x2e\x65\xe6\xdc\x38\x1d\x63\x61\xa6\xeb\x60\x47\x71\x9e"
	"\x60\x6a\x5d\x7b\x38\x55\xa0\xb7\x75\xe4\x4c\x1f\x00\x8d\xb8\x72"
	"\xbb\x45\x68\x7e\x15\xec\x0a\x77\x86\x97\x24\x0b\x74\xc2\x54\x8e"
	"\xbf\xa1\x45\x5c\xdd\x94\x76\xa0\xe2\x45\x37\x29\x08\x51\x9b\x93"
	"\x56\x67\xb0\xdc\xec\xf6\x0f\x58\x66\x34\x90\x3f\xbf\x3b\xb9\x7f"
	"\x0c\x8e\x54\x23\x92\xac\x30\x2d\xe6\x15\x5d\x91\x70\xd1\x93\x1a"
	"\xd1\x73\xca\x7c\x60\x25\x30\xad\x5e\xb6\xc7\x9a\x5f\x29\x0b\xae"
	"\x32\x31\xfa\xfe\x9b\xf7\xf7\x26\x46\x88\xcc\xb8\x4e\x83\x16\x9c"
	"\x97\x66\x7d\x88\x86\x26\x10\x39\xe0\x9c\xad\x0b\xa1\x16\x17\xa7"
	"\x57\x9e\x19\x1c\x6e\xd7\x3c\x2d\x3b\x1c\xf6\x75\xa2\x69\xdb\xc1"
	"\xec\x0c\x8b\x88\x40\x7d\x6d\x8d\x32\x09\x98\x96\x3b\x36\xdf\x32"
	"\xf6\x54\xcb\x9b\xc8\xce\x1d\x75\x88\xc8\x3b\x7c\x22\x8a\x91\x91"
	"\x25\x2c\xda\x2d\x17\x25\xf8\x8e\xa8\x70\xcc\xe3\x69\x7b\x6c\x44"
	"\x82\xb3\x10\x37\x55\xbe\x36\xd3\x8a\x98\x6c\x53\x8d\x61\xdf\xf9"
	"\xba\x30\xfd\x6f\x5d\xd1\x14\x40\xaa\x7d\x0d\xe0\x0e\x3a\xbc\x40"
	"\x1c\xa8\xb3\x8c\x94\x25\x1e\x32\xac\x20\xc2\x38\x4b\x25\xd6\x8d"
	"\x94\xdf\xe1\x3e\x41\xcb\xe8\xe3\x66\x8f\xe9\x13\x98\xf6\xe3\xf6"
	"\xae\xad\x89\xb3\x6d\xa7\x36\xed\x22\x6c\x5c\x45\x5d\x5c\xb3\x30"
	"\x9a\x64\x25\x0b\xf8\xf4\x0a\x1f\xc5\xf9\xf9\xe5\xf8\xd3\x49\x02"
	"\x08\x7a\x2a\x1e\x9f\x20\x81\x79\xb3\xe2\x04\xbe\x8a\x73\x21\xa3"
	"\x30\x01\xbd\xbe\x29\xf8\x89\x39\x66\xe4\x06\x2c\x45\x4c\xca\x13"
	"\x13\xc9\xe6\xa3\x65\x18\xbb\x60\xe2\xc4\x22\xe5\x34\x61\x44\x52"
	"\x7f\xfb\x5c\x82\xba\x99\x17\x58\x1a\x25\x44\xe4\x1f\x65\x4e\x90"
	"\x8b\x9c\x5e\x5c\x7e\x7a\x07\x3f\x3a\x8d\x9f\xbe\xd3\xfe\xe2\xbd"
	"\xf6\x97\xa7\xf1\xe3\xcf\xa7\xf0\x97\xa3\xe9\xc5\x3b\xf8\xd3\xfc"
	"\x2f\xdf\x99\xff\xe5\xc5\xf8\x34\x7e\x3c\xf6\xe9\x90\x43\xeb\x0b"
	"\xcb\x4d\xe8\xc0\x9f\xde\x61\xfa\x79\x7c\x6a\xeb\x05\x3f\x21\xba"
	"\xf9\x8a\x46\x75\x18\x7d\x15\x07\x32\x76\x0a\x5b\x51\x92\x85\xa4"
	"\x4a\x13\x80\x6a\x81\x20\xb8\x3c\x71\xba\x29\x01\xb3\x4d\x4f\xf5"
	"\x51\x50\x41\x4e\xe9\x07\x89\xb5\x4c\xd7\xa3\x61\x98\x04\xdd\x0f"
	"\x72\x82\x43\x59\x25\x27\x1a\x2f\xea\x22\x09\xe4\xa6\x4d\x82\xf3"
	"\x30\x05\xe8\xf6\x12\xab\xa4\xc2\x14\x2b\x7a\x1d\xf6\xf5\x34\x45"
	"\x9d\xc5\xe4\xc4\x46\x5e\xa3\x1b\x1d\x46\xdf\x9e\x08\x5f\x6e\x6f"
	"\x8a\xab\xbc\x3c\xca\x80\x47\x6f\x58\xd3\xf4\xfd\xfb\xcb\x6e\x6f"
	"\x39\x17\xb1\x5f\xd1\x00\xbc\x2d\xf8\x12\xef\xe1\x3b\x97\x3f\x48"
	"\xe7\xb9\x05\x53\x43\x48\xb6\xaf\x0f\xdf\x9e\xd7\x9b\xdd\x76\x80"
	"\xc3\x88\x5f\xe0\x0f\x71\x18\xa2\x36\x39\x00\xa7\xcf\xf7\xdf\x5f"
	"\x1e\x9e\xdd\x61\x83\x37\x95\xa8\x7c\x5e\x28\xd9\x9f\xf6\x25\x1e"
	"\x0a\x4c\xaa\x7c\xb0\xdd\xed\x36\xfb\xcd\xe0\x3f\x2f\xbb\x3f\x37"
	"\xbb\x97\xb7\xe7\xfb\xd7\xc1\x8f\x87\xcd\x60\xff\xc7\x76\xb0\x79"
	"\xdc\x43\xbb\xcd\xfe\xe1\xc7\xf6\x75\xf0\x75\xb7\x79\xda\x22\x95"
	"\x53\xf5\xdd\xd0\x0a\xe4\xb3\xce\x9b\xcb\xf3\xe9\x78\xf4\xd9\x2d"
	"\xe4\xee\xb1\x17\x27\xb1\x93\xe1\x34\x8c\x1d\x7d\x9e\x5c\x9c\x07"
	"\xb1\xe3\xf3\xe1\xc5\xa7\x20\x76\xf2\xe9\x42\xf5\x6b\x88\x84\x8d"
	"\x1f\x4f\x46\x9f\xbd\x51\xa2\x49\x36\x1a\x9e\x4f\x2e\x46\x97\xa1"
	"\x5e\x46\xa3\xcb\x4b\x50\x8d\x41\xf4\xc5\xe4\x7c\xf8\xd9\x68\x1d"
	"\x93\x15\x03\x78\x87\x3f\x3f\x1f\x9b\x33\x70\xb1\xe3\xd1\xa7\x49"
	"\x18\x7b\x31\xf9\x34\x0d\x62\xc7\xc3\xd1\xc8\xe0\x8c\xea\x0e\x1d"
	"\xed\x25\xaf\x8c\xa9\x0d\xc7\xef\x52\x7c\x76\x28\xae\x92\x14\xb6"
	"\x6c\x78\x20\x19\x0e\xa7\xef\x74\x43\x47\xc3\xc9\xc8\x5d\xa0\xc9"
	"\x52\xe5\x79\xc5\xf1\xfe\x8c\xa6\x2d\x2a\x70\xac\x91\x66\x3a\xf1"
	"\xd0\x58\x14\x2b\xa2\x6b\xf3\xc7\x1e\x09\xe8\x70\x93\xcb\xf7\x9a"
	"\xcf\xc6\x9f\xed\xc4\x4c\x84\x51\x44\x01\x2e\x47\x11\x2c\x85\xc8"
	"\xe3\xe3\x02\x0a\x91\xfb\xd2\x25\x45\xa5\x4a\x4f\x66\x7d\x6e\x8b"
	"\x4b\xcc\x17\x23\xd4\xaa\x84\xac\xbd\x85\x2e\x0b\x8e\x21\x30\x38"
	"\xb7\xb7\x4e\xf2\xb2\xab\xb1\x0b\xa6\x84\x3b\x82\x15\xcf\xea\x42"
	"\x92\xca\x57\x57\xd1\xd2\x98\x97\x4c\xba\x91\x2e\xfc\xb2\x8b\x3b"
	"\x41\x4e\x7c\x03\xbc\x6d\xce\x3f\x0d\x1d\xd2\xf1\xd0\x6f\xce\x34"
	"\x17\x3f\x9b\x19\xb0\xb1\x17\x79\x51\x61\xbd\x66\x28\x8a\x68\xaf"
	"\x26\x41\x40\xd4\x9d\xa4\xc7\xe9\xd7\x6b\xa7\x6f\x5d\xf0\x9a\xd6"
	"\xbd\x40\xd6\xd5\xba\x80\x6f\x4b\xb0\x82\xe8\xfe\x6e\xd0\xb6\xfd"
	"\x19\x8d\xbb\x5b\x9d\xc6\xe9\xa0\xcf\xdc\x95\x69\x81\x6f\x3d\x98"
	"\x99\xbf\x5d\x3b\xf7\xad\xfd\x25\x60\x3f\x3f\x4c\xd9\xca\x2c\x4a"
	"\x85\xef\xb6\x43\xe5\x73\xcb\x3c\xc1\x1c\x76\xe5\xbb\x6f\x8a\xc1"
	"\xb9\xa2\x8d\x8e\xc8\xac\xc4\xec\xc9\x51\xf7\x53\xce\x49\x51\x13"
	"\x1f\xc6\x4d\x20\x6b\x3e\xa5\x2a\xba\x96\x3e\x4e\xf4\x5a\x56\xf0"
	"\x87\x0f\xb5\x82\xff\xf2\x43\x05\xdc\x09\x8a\xe3\x4e\x9d\xfc\x4f"
	"\xc1\x9b\x88\x73\x69\x8d\xaf\x1d\x1a\x13\x3c\x23\x6e\xfe\x55\xb1"
	"\x69\x5b\xe8\x27\x0b\x05\xac\x84\xef\xb8\x97\x19\x93\x4d\x29\x75"
	"\xf6\x00\x0f\xf2\xc4\xca\xf1\xc6\x76\x96\xc1\x53\x9a\xee\x7b\x19"
	"\xd5\x67\x5a\xe0\x9c\xc5\xfe\xf3\xbb\xf4\x96\x43\x74\x91\xbf\x5a"
	"\xb7\x1c\xaf\x69\x80\xf3\x6c\x32\xfc\x3c\xf5\x9f\x92\x76\x11\x52"
	"\xc2\xb2\xba\xb2\x14\x88\x8d\x09\x64\xe9\x8e\x6f\x17\xc2\x7e\x18"
	"\x0a\x26\xde\xee\x94\xaa\xac\xd1\x7f\x4d\x95\x51\x52\x28\xd1\xf4"
	"\xa2\xd3\x8a\x03\x0b\xa7\x71\xd7\xd4\x7c\x23\xa4\x5e\x0d\xe5\x7c"
	"\xa5\x2e\x1b\x35\xa6\xef\x23\x27\xc1\x2a\x3b\xc4\xc1\x74\x88\x98"
	"\x5d\xf4\x0d\x6e\x4b\xce\x33\xef\x78\x6e\xa3\xda\x97\x7a\xba\x15"
	"\xb9\xa3\x72\xba\xa7\x3d\xb9\x4e\x2f\x98\xc3\xe9\x88\xd5\x2d\xbb"
	"\x87\x59\x97\x3e\x56\x6f\x86\x1a\x06\x61\x6c\x6e\x3f\x36\xd1\x97"
	"\xcf\x58\x67\xda\x5d\x3f\x9d\x4a\x7a\x97\x92\xea\xbb\x1c\x92\x85"
	"\x14\x27\xa2\xeb\xee\x81\x17\xf2\x75\x94\xdb\x7b\xf8\xae\x5c\xbd"
	"\xa2\x71\x46\x58\x6e\x66\x4f\xf0\xb5\xd1\xea\xe8\x1e\x53\x97\x08"
	"\xa9\x05\xf0\xd9\xf2\xf6\xd6\xd5\x6a\x41\x2a\x82\x39\x39\xbf\x61"
	"\x6b\x91\xbf\x54\x7e\xbf\xa4\xd7\xd4\xef\xa8\xc7\x15\x11\x0b\x75"
	"\xc9\xed\x45\x5f\x53\x9f\xf5\xd7\xf9\x74\x2c\xd6\x46\x11\xe4\x15"
	"\x04\x4e\xc6\xeb\xc1\xba\xc0\x53\xd9\xde\x7a\x10\xd9\xd0\x6c\x68"
	"\x3f\x51\xa1\x45\x13\xc1\x99\x52\x0f\xba\x68\xc2\xec\xbb\x60\xed"
	"\x94\x08\x11\x25\xa6\x3e\x91\x6c\x4e\xda\x3d\x05\x3d\xda\x35\x5f"
	"\x30\xac\xe5\xba\x71\x1b\x4b\x32\x9f\x63\x45\x05\x6a\x1b\x12\x31"
	"\x0b\xbd\xba\x34\xaa\x2f\xcd\x07\x6f\xa0\x7f\xf3\x3a\x73\xb4\x56"
	"\x5c\x8e\x3e\x35\x6d\x3d\x99\x0f\x2f\xa8\x04\x17\xc9\x87\x69\xa7"
	"\xb1\x6e\xa4\x8c\xaa\x21\xec\x56\xd1\xa5\xd3\x00\xf3\xe3\xf2\xc3"
	"\x68\xb0\xd9\xdd\xfd\xf1\xb0\xdf\xde\x41\xb0\xb2\x79\xf4\x14\xa6"
	"\x6b\x0e\x60\x24\x49\x9a\x44\xf9\xf1\xdb\xd1\xe2\xd8\xdb\xcb\x04"
	"\x6d\xd3\x8a\xa7\x3c\xca\x95\xad\x77\x8c\x41\x9d\xff\xe2\xa0\x6a"
	"\xc2\x8f\x3b\x2f\x41\x95\x06\x9d\xcc\xee\x36\x44\x59\xda\x26\x23"
	"\xd5\x9c\xba\x33\x6a\x49\xca\xcc\xf4\x05\xb0\x64\x0c\xb6\xca\x36"
	"\x8c\x87\x8b\x56\x75\x87\xe4\x83\x77\x77\x66\x74\xae\x92\xee\xba"
	"\xbe\x51\xc7\xc3\x2f\x30\xbc\x97\xef\x98\xc5\x34\xa6\xd5\xde\x28"
	"\xcc\xce\xee\x00\xfc\xf2\xb8\x9d\xed\xf7\x3f\x87\x03\xe3\x23\x97"
	"\xe3\xff\xf9\x7c\x3e\x9a\x0e\x87\xcf\xa3\xc1\x0e\x78\xcc\x3e\xde"
	"\x6f\x7f\x7c\x84\x70\x71\xf0\xe3\x69\xf3\xf8\xf8\x72\x37\x9b\x7c"
	"\x9e\xe6\x83\xd7\xc7\xb7\x2f\xcd\xd3\xe6\xaf\xe6\x65\x77\xbf\xdd"
	"\xcd\x86\x1a\x70\xbf\xfd\xf2\xf6\x6d\xc6\x07\x67\x4e\x7f\xa8\xea"
	"\x73\x65\x80\xf1\x66\xca\x29\x59\x6c\x49\xc0\x71\x00\x11\xf3\x9f"
	"\xdd\x8e\x0b\x1e\x47\x2f\x05\x4d\x7d\x17\xb9\xfa\x85\x87\x5e\x75"
	"\x50\xd5\xc0\x1e\xb3\xe3\x32\x6a\x58\x6e\x5d\x9c\x9b\x74\x88\xd6"
	"\xa9\xe3\x1b\x97\x8c\xe5\xa0\xbf\x6f\x91\xc2\x52\xd8\x00\x4d\x64"
	"\xf4\xab\xdd\xb7\xea\x42\xb1\x6e\xf4\xf3\x43\xf6\xb4\xf9\xb6\xfd"
	"\xf0\xed\xff\xfe\x79\xbf\xff\x72\xf6\x6b\x63\xd7\x65\xe2\xb3\xb3"
	"\xa7\xed\xfd\xc3\x66\xbf\xfd\xf3\xe3\xd3\x1e\xf3\x71\x67\xbf\x34"
	"\xa3\xa3\xc6\xdf\x1f\x5e\x5f\x37\xbb\xdd\x8b\xd3\xfc\x9a\x11\x90"
	"\x32\xf0\x2d\x73\x5a\x91\x77\x9b\x2a\xa9\xab\x5f\xb7\xbb\xd7\xef"
	"\x9b\xbb\xed\xe0\xcb\xc3\xf3\x66\xf7\x73\xa0\xca\x11\xf7\x86\x04"
	"\x46\xe0\x7e\xe5\xa8\x2b\xd3\xa3\xeb\x73\x1f\x0a\x3e\xda\x42\x5e"
	"\xe3\x41\x28\x28\x46\x54\xe4\x07\xef\x08\x8b\x12\xc2\x6f\x71\x5a"
	"\xb6\x22\xae\x58\x29\x8f\xbc\x42\xc2\xeb\xc0\x53\x2d\xdd\x2c\x67"
	"\x22\xf6\x96\x27\x82\x46\xb7\x2a\xa6\xdc\xbb\xa6\xa5\xaa\xad\xd2"
	"\x2f\x89\xc5\xd1\x5c\x57\x89\x30\x4a\x62\xac\xd7\xaf\xb8\x6d\xe3"
	"\x73\xac\x6d\xd7\x29\xa2\x97\xff\x6c\x77\x83\xa7\xcd\x33\x08\xc9"
	"\xd3\xf6\xd9\x73\xa8\xdb\x7a\x04\x43\x5b\x6b\x80\x71\xbf\xd1\xc7"
	"\xae\x2d\x4a\x2c\x19\x38\x6e\x37\x85\xdf\x58\x2e\x58\x04\x62\xaa"
	"\x34\xbd\x2f\x8c\xcc\x1b\x91\x51\x6a\xcc\xbd\x83\xb4\x8f\xab\x7b"
	"\xdb\x9d\xab\x77\x06\x0a\xe7\x67\xb4\x26\x4b\xaa\x1e\x4b\x5a\xcc"
	"\x0e\xd0\xf6\x9d\xf0\xa8\x7f\x27\x6f\x61\xe7\xa6\x53\x96\x3b\x3d"
	"\x87\xbc\x42\x40\xf1\xd2\x1e\xbc\x55\x6d\xb7\xbe\x6a\x4a\xbe\x46"
	"\x3b\x78\x28\xd7\x38\x8a\x08\x55\x51\x67\xee\x06\x62\xfd\xaa\x61"
	"\xd1\xba\x60\x9e\x20\xb3\x5d\x7e\x03\xdd\xbd\x6a\x6c\x37\x3a\x3f"
	"\x6c\x74\x97\xd7\x43\x1c\xbb\x7f\xdc\x1a\x5a\x1c\x7a\x6f\x9f\x56"
	"\x3a\x10\x5d\xaf\x5f\x66\x5d\x8d\xb2\x70\xab\x50\x14\xd1\x9c\xaf"
	"\xc0\x34\x25\x89\xf7\x4e\xd9\xa2\xca\x69\x51\x07\x59\xe4\x72\xf9"
	"\x6e\x7b\xb9\x0c\xf3\x80\x28\xce\xcf\x22\x91\x9a\x40\xbd\xea\x17"
	"\x86\x3f\x71\x58\x8b\x41\xb2\x7b\xf8\xa1\xaf\x6b\x4d\xeb\x8c\xbc"
	"\x59\x12\x4c\xd0\xe7\x6a\x3c\x97\xa3\xeb\x6b\x1f\xa1\x43\x56\xd0"
	"\x75\xfb\x98\x57\x93\x1e\x15\xdd\xe0\xbb\x42\xd1\xcf\x06\xfc\xd2"
	"\xd2\xf7\x68\x12\x87\x9c\xee\xb6\xff\xfb\xb6\x7d\xbe\xfb\x39\x78"
	"\xbd\xdb\xd8\x75\x27\xd8\x1e\x1f\xce\xd9\x7b\xa9\x9e\xd2\xe1\x02"
	"\x12\x29\xab\x46\xbf\x64\xf2\xa1\xdd\xf7\x8e\x07\x24\x2e\x9d\x07"
	"\x8c\x3e\xf4\x91\x4c\x28\x4c\xa7\x4b\x91\xab\xf1\x44\xc5\x6f\x8f"
	"\xbd\x8d\xf0\xcc\x08\xb2\xfa\x1b\x4d\x50\x43\xaa\x2b\xd9\x5f\x6f"
	"\xc2\xc1\x0e\xc2\xc0\x92\x5f\x6f\x01\x38\xe8\x66\x15\x7e\x8c\xe0"
	"\x6d\xa5\x7e\x08\x83\xc4\x6e\xa3\x53\x4d\x54\x16\x0b\x5f\x1c\x06"
	"\xf6\x2a\xf4\xf0\xc7\xa2\xf9\xb5\x45\xfc\x1b\x8b\xf7\xeb\x8b\xf6"
	"\x37\xa6\xed\xae\x6b\x60\xc6\xe6\x8a\x1c\xce\xc2\x57\xf7\x2c\x0c"
	"\xee\x8f\xcf\x32\x10\xea\xf5\x95\xa1\x31\x6b\x74\x9d\xe7\x37\xc1"
	"\xc3\x1e\xa9\x9f\xc9\xc0\x0b\xbb\xae\x41\x90\x74\xc9\xaa\xe5\x9a"
	"\xf3\xe4\x24\xe1\x15\xaf\xd8\x95\x8f\xa2\x7f\x6a\x77\x64\xe7\x01"
	"\x06\xae\x2b\x2a\x41\x21\xda\xdc\xb8\xf1\x30\x0f\xc2\xd8\xca\x2a"
	"\x86\x47\x20\xed\x60\x6a\x41\x8a\xed\x1e\xef\x69\x70\x9d\x8e\x0c"
	"\x3f\xec\xfe\xd2\x7e\xe4\xa8\x21\x4d\xc2\x88\xcf\xf2\xd5\x05\xbb"
	"\xb6\x6a\x38\xae\x61\x8b\x2c\xb3\xa9\x60\x6e\xeb\x3e\x41\x94\xf9"
	"\xfc\xab\xeb\xb4\x32\x2c\x21\x7e\xa9\x5f\xa1\x71\x40\xed\x1b\x32"
	"\x13\xa4\x84\x2d\xb5\x2a\x32\x14\x5c\xd4\x11\x96\xdf\xb3\xf8\xc6"
	"\x41\xe8\x74\xdb\x11\x39\xbe\x67\x10\x12\x62\x41\x97\x7f\xd9\x26"
	"\x1a\x8c\xc5\x5d\xd2\x1b\x2b\x0d\xaf\x41\x1d\x67\x7f\x6a\x20\x29"
	"\xd5\x7b\x4d\xea\x4d\x67\x30\x6b\xd7\xc1\xa9\x52\x16\xd8\xfe\x5d"
	"\x06\x80\x76\xa5\x4d\x4d\x05\xfe\xa6\x53\x77\x83\x15\xe8\x11\xd6"
	"\xc8\xd1\x60\xd2\xa4\xe3\x8b\x96\x5d\x05\x89\xc2\xe1\xa0\xd8\xb6"
	"\x34\x24\xf0\x82\xf7\x40\x06\x8e\x41\xc4\x05\x0d\x11\x95\x45\xe0"
	"\xa5\x37\x4a\x6c\xc9\x4a\xbf\xe8\x03\x6a\x8e\x8e\x39\xcd\xeb\x6b"
	"\x47\xca\x4b\x7c\x4b\x5a\xd8\xaf\x50\x0e\x2d\x42\xa3\xc8\xd5\x58"
	"\xbd\x4f\x0b\x0b\x38\x5d\x7c\xc9\x8e\x4e\x53\xb9\x92\xcc\x06\xd5"
	"\x49\xa8\xef\x94\xd7\xc1\x49\x02\xae\x1f\xb4\x3f\xc3\x80\xdb\xde"
	"\x90\x45\x40\x20\x1a\x2a\xec\xa4\x5e\x0b\xc3\x67\x67\x6e\x6d\xa6"
	"\x4d\xa4\x65\x36\xc4\x56\xa7\x1d\xf1\xc1\x66\x5d\x41\x50\xa7\xf3"
	"\x51\x53\x87\x85\x92\x7d\x3d\xf6\x20\x9f\x6e\x49\x8e\xda\xa9\xf7"
	"\x6d\x3a\x11\x6c\xff\x9c\x95\x43\x71\x9a\x41\x44\xa9\xdb\x16\x95"
	"\x8a\x03\x92\x71\xe9\x03\xe3\x9e\xb5\x60\x7b\x62\x15\x59\x87\x34"
	"\xdb\xa1\x0b\x90\x3f\x7c\xde\x60\x1d\x72\xec\x07\xfe\x9c\x9f\xaa"
	"\x2f\x3c\xd0\xc4\x75\x64\x96\xc5\x77\x06\xbe\xc3\xcf\xce\xee\xde"
	"\xbe\x3c\xdc\x9d\xd9\xdc\xf3\xe4\x93\x53\x1e\x7b\x90\xe3\xd5\xd4"
	"\xd4\x03\xab\x69\xab\x00\x30\x23\x98\xfa\x30\xea\x7a\xc2\x41\xe8"
	"\x87\xc1\xa8\xe2\x9a\xc4\xae\xfb\xc5\x79\x4f\xc3\x72\x38\xf5\x09"
	"\xe2\x34\x24\x89\x16\x8d\xab\x3c\xd5\x40\x72\x56\x4e\x6d\xc5\x03"
	"\x40\x96\x91\x20\x17\x43\x16\xed\x5d\x9e\x06\xa0\xef\x0a\xe1\xf4"
	"\x1d\x29\x9c\x1e\x8b\xa1\x33\xfb\x1e\xaf\x16\xbc\x7d\x75\x1d\x0a"
	"\x76\xd5\x14\xff\x9f\xb2\x2b\x5b\x8e\x1b\x47\xb6\xbf\x52\xa1\x87"
	"\x89\x99\x88\xbe\x73\x6b\x51\x6d\x13\xe1\x07\x2e\x20\x8b\x23\x82"
	"\xa4\xb9\x54\x95\xfc\xc2\xd0\xb5\xab\xdb\x8a\x96\x2c\x87\x24\xbb"
	"\xdb\x7f\x7f\x91\x00\x17\x00\x44\x82\xac\x27\x5b\xc8\x53\x20\xd6"
	"\x44\x02\x48\x9c\x54\xf4\x0a\x4f\x29\xd4\x8b\x9d\x36\xad\xde\xe4"
	"\x3e\x96\x49\xe2\x47\x85\xc7\x2f\x9e\xca\xfb\x8c\x68\xf9\x0d\x95"
	"\x14\x4f\xc6\xf5\x23\x13\x62\x2a\xac\x15\x5a\x94\x00\xef\x4c\xdb"
	"\x82\x02\xd5\xa9\x5c\xf0\xc5\x2e\xf0\x6f\x0c\x55\xb4\x96\x03\x09"
	"\x37\x75\x7c\x1a\x16\xc3\x00\x3b\x50\xc7\xc3\x14\x32\x7f\x7d\x66"
	"\x5e\x75\x80\xb4\x0c\xae\x14\xa8\xa3\x3e\x14\x05\x7d\x90\x95\x19"
	"\x3c\x2a\x62\x3b\xed\xe0\x1e\xcb\x9a\xff\x3e\x3b\xdc\x8b\x9d\x51"
	"\xe9\xd0\xcc\x7c\xe3\xc2\xa0\xfa\x33\xb1\x2e\xa9\xd3\x2b\xca\x55"
	"\x5f\x1e\xf9\x70\x5e\xd6\x82\x86\xfb\x42\x70\x07\x62\xd6\xdd\xef"
	"\x8f\xe0\x98\x83\x71\x31\xf6\x1f\x31\xd9\x8a\x8d\xa8\x31\x32\xb5"
	"\xfa\xab\x42\x8c\x37\x68\x08\xe4\x5c\x66\x96\xcf\x00\x31\x8d\x24"
	"\x86\x97\xf6\x49\xc2\x2f\xab\x94\x02\x04\x9c\xc0\x86\xfd\xc6\x27"
	"\x47\xd3\x77\xa5\xdf\xd5\x4d\xef\x99\x44\xa6\xbe\x95\xe5\x70\x31"
	"\x63\x1e\xa2\x0a\x0c\x6e\xb1\x8c\x6f\x6e\x14\xd4\xf0\x45\xb4\x22"
	"\x86\x31\x82\x1d\x17\x0e\x80\x7c\x30\x21\x1f\x2c\xf9\x3b\xb5\xb4"
	"\xf6\x3d\x2f\x53\xeb\xdd\x4a\x42\xf9\x9a\x5f\x16\x14\x5e\x89\xfc"
	"\x84\xad\x9b\x6c\xb7\x43\x90\x76\x74\x60\x03\xe8\x20\xc2\x40\xcf"
	"\xb3\x93\x1c\x56\xcb\x15\x22\x8a\x72\x0f\x91\x18\xa8\xc9\x14\x39"
	"\x1b\x14\x6e\x94\xea\x9c\x26\x6a\xb7\x27\x68\xe3\xf5\x7d\x9a\xa1"
	"\xc5\x2e\x1c\xd5\x7d\x46\x15\x46\xa3\x59\x97\xc1\xb0\x95\x4d\xb3"
	"\x4c\x16\xd8\x87\xc7\x60\x16\x85\x71\xc5\xf6\xa5\xa5\xb9\x24\x89"
	"\xa3\xb6\x5d\xc2\xb7\x92\x44\x61\x09\x68\x92\x91\x91\xd4\x8b\x4c"
	"\xe3\xa2\x97\x0e\xc6\x13\x88\x0c\x83\x05\x92\x03\x03\x54\x8c\x02"
	"\xb9\x45\x20\x15\x6d\x62\x10\x96\xa6\x7c\xe0\x82\x34\x27\x2a\xf1"
	"\x0e\x13\x89\xb5\xc9\xaa\xb7\xce\xdd\xfa\xc5\xf5\xea\xf9\x9d\xb3"
	"\x4b\xcd\x3e\xbf\x3c\xff\xdf\xe3\xb7\xcb\x97\x59\x43\x8f\x69\xd2"
	"\xa9\xe7\x52\x57\x3d\xb2\x08\x86\x43\x23\x56\x72\x7e\x7f\x78\xfd"
	"\xe3\xf2\xae\x9c\x57\x28\xbf\x2b\xe1\xd6\xaf\x14\x4c\x8b\x23\x83"
	"\xa1\x47\x73\xe6\x8e\xa2\xa2\x23\x55\xed\xe0\xcd\xba\x86\x14\xbd"
	"\x45\xf5\x35\x18\x41\xf5\x6a\xd6\x06\x2c\xcd\x4b\x4c\x8f\xf0\x0b"
	"\x2f\x9b\x5c\xe5\x43\x3c\x1d\x0a\x85\x9b\xd8\x34\x70\x1a\xcb\x99"
	"\x59\xc6\x0a\x1b\x23\xb4\x44\x46\x6c\x1a\x4e\xfc\xbc\xa5\x19\xd5"
	"\x59\x6d\xf8\x6d\x02\xbc\x3a\xd9\x08\x26\x50\xd7\x5f\x23\xa4\x5d"
	"\xc3\xad\x75\x4a\x52\xae\xec\x26\xb7\x01\x9c\x90\x98\xb9\x22\x8c"
	"\x68\xd3\x84\x36\xe0\x58\x9e\x13\x73\x04\x2e\x88\xf3\xc8\x88\xd7"
	"\xa8\x8e\x4c\x90\x49\x43\x9d\xed\xea\x68\x51\x8c\x96\xdd\xcb\xd8"
	"\xf6\x01\xde\xaf\x0e\x1d\xd2\x5b\x6d\xf1\xfc\xf0\xfe\xf9\xeb\x05"
	"\xd7\x16\x14\xf8\x59\xb9\x0f\x07\x6c\x0b\xc6\x9a\x42\xa0\x15\x06"
	"\x27\x83\x7c\x48\x27\x67\x02\xc5\x55\x51\x1a\xaf\x80\x4c\xe0\x94"
	"\x52\x92\x94\x63\x59\x32\x4d\xe2\xde\x97\x98\x41\x66\xfe\x81\xc5"
	"\xba\x37\xc2\xf9\x8d\xe0\xaf\x11\x94\xa5\x87\x7b\xd0\xd0\x68\x35"
	"\xe0\xb2\x6a\x6a\x65\x60\x0d\x9e\x8c\x25\xc7\x01\xfb\x9a\x15\xaf"
	"\x29\x56\x1c\x49\xbc\xc4\x5a\x71\x71\x22\x80\xcb\xe1\xd1\xfc\x78"
	"\x1b\xeb\x0c\xd9\x26\x48\x3c\xd2\xb4\xe8\x59\x97\x11\x9b\x3b\x49"
	"\x48\xac\x1f\x8c\x97\xa5\xbd\x6a\x3a\x15\xb8\x09\x32\x5a\x73\xb6"
	"\x4f\x1d\x91\x8f\x8c\x3c\xb1\xef\x16\x07\x1b\xb6\xe6\x49\x02\x7d"
	"\xcb\x66\x43\xa7\x45\x30\xad\x25\xb5\x37\x93\x06\x84\x7e\xf6\x6e"
	"\x82\xdc\x95\xea\x21\x86\x01\xf3\xb1\x4a\x15\x62\x43\x04\xb1\x9c"
	"\x00\x69\xb6\x9c\xb6\xfa\x1b\x16\x27\x2b\x9c\x38\x31\x9d\x0e\xf6"
	"\x48\x32\x39\x6b\xb0\xa8\xa7\x75\x85\xb8\x55\xb0\xd6\x7f\x40\x6c"
	"\x6f\x44\xf0\xb3\xc1\x11\x54\xae\x79\xaa\x1a\x40\x62\xd1\x9b\x56"
	"\x76\xb0\xb0\xac\x5f\xac\x56\x4b\xed\x8e\xa2\x20\x25\x76\xd8\x7f"
	"\x2c\x06\xeb\x67\x94\xfd\x67\xc2\xf1\x48\x00\x27\xb4\xb9\xc3\x4f"
	"\x92\x6e\xb1\x8d\xaa\x2e\x12\xed\xde\xa6\xcb\xdb\x0d\xbf\xca\x78"
	"\x32\xb6\xc5\x87\x23\x0d\x27\xcf\x6c\x62\xfd\xe7\xbd\x34\x27\xff"
	"\x05\x5f\xfc\x41\x71\xf8\x36\xca\x94\x48\x9d\x82\x19\x72\xb9\xe3"
	"\x13\xb3\xdc\x7c\x54\xc0\x25\x99\x61\x8b\xa5\xee\xe5\x59\xab\xb3"
	"\xf4\x28\x33\x5e\x27\x25\x41\x6b\x97\x1c\xcc\xb7\x51\x1d\x40\x2c"
	"\x37\xc6\xdf\xe6\xd9\xf0\xe8\xcb\x00\x2b\x65\x3e\x4b\x21\xd0\x8f"
	"\xda\x44\x6a\x67\x58\xfe\x57\x33\x2b\x15\x71\x71\x9f\x70\x3b\x11"
	"\xfd\xaa\x62\x85\x2b\x3f\xed\xdb\x1b\x01\xe8\xf6\xb9\x56\xae\xce"
	"\xe0\xd5\x6a\x99\x84\xaa\xfb\x88\xf2\xb3\xc6\x0c\x43\x9e\x9d\x2a"
	"\x50\xd6\xd6\xe3\xa0\xb2\x8c\xd1\xaa\xe7\xce\x49\x2f\x1d\xb3\x86"
	"\x2b\x60\xbb\xd0\xd3\xd9\x28\xef\x46\x86\x2e\x30\x77\x0f\x13\xf4"
	"\x75\x6d\xa6\xf0\xcf\xcd\xb5\x93\x78\x83\x4f\xe2\x0d\x32\x89\x37"
	"\xe6\x49\xbc\x19\x9b\x85\x1b\xc3\x79\xa5\xfe\x3b\xfd\x60\x03\xc9"
	"\x37\xca\x36\xf8\x6c\xda\x60\xd3\xc9\x8c\x21\x55\xb4\xb9\x1d\x87"
	"\x41\x83\x8d\xa3\x60\x7b\x32\x8e\x3a\xc4\xe3\x18\xa8\xb9\x70\xb2"
	"\x1c\xc7\xd2\x03\xde\x46\xaa\x6e\x40\x5b\x2a\x2f\x6d\x9f\x31\x9e"
	"\x20\xa8\x90\xe1\x20\xdd\x8c\x28\x91\xcd\x54\x2d\xb2\x51\xa6\xb5"
	"\x9a\x2c\xa6\x98\x9e\x6b\x3b\xcb\x6c\x75\x4a\x1c\xc4\x11\xb5\xb9"
	"\x49\x08\x6a\xe2\x0e\x8f\xc3\x64\xe6\xd1\x81\xb6\x95\x35\x04\xba"
	"\x3b\x81\x95\x59\x33\x59\x24\x56\x63\x84\xd0\x07\x8b\x87\xe2\x94"
	"\xa6\x13\xac\xc6\x32\xef\xe9\xde\xd8\xdf\xf5\xd1\x44\x2e\x50\xc8"
	"\xeb\x96\xa8\xb9\xfe\x77\x1d\x85\x94\x15\x19\xb8\x52\x74\x7a\x1d"
	"\x21\x3f\xc6\x4e\xd2\x74\xbf\xf9\x32\x87\x3b\xfe\xf2\x1b\xe3\xc2"
	"\xd1\x2f\x8d\x58\x92\x89\xef\x14\xb2\xdc\xcd\x97\x0b\x85\x57\xa7"
	"\x4f\xad\xc3\x23\x62\x15\x48\x18\xaa\x61\xda\xc6\x88\x95\x13\x54"
	"\xf6\xe7\x12\xe9\x27\xe4\x55\x7c\xe9\xc4\xe6\x43\x9c\xf3\xd2\xcc"
	"\xff\x10\x3b\x99\x99\xfe\x23\x3b\xa4\x09\x62\xa4\x6d\xe2\xf4\x94"
	"\x21\x4f\xfa\x23\x42\x08\x54\x71\x7d\x8b\xb8\x86\xb4\x74\xf3\x7c"
	"\x55\xf8\xf8\xe3\xf2\xe3\xf2\xf8\xed\x8f\xff\x6d\x58\x77\x84\x3b"
	"\xa4\xd2\x09\x05\x6c\xbc\xdd\x8f\x78\x6e\xf5\x41\x75\xc2\xef\x92"
	"\x83\x02\xbd\x45\xe4\x80\x2c\x8f\x52\x2b\x80\xef\xce\x3e\x5a\x21"
	"\x39\x7e\x6e\xc8\xe5\x45\xe0\x8e\xc8\xed\xf9\x97\xe4\x63\x6c\x07"
	"\xb8\x81\x55\x1e\x8e\x95\xd0\x2f\xf4\xf3\xd4\x01\x84\xfd\x4b\xa8"
	"\x3d\x93\x3c\xb7\xb7\xe4\xc7\xd1\xc6\xf6\x0e\xe9\x1d\xb1\x22\x3e"
	"\x8e\xb4\x95\x07\xef\x6c\xac\x88\xe0\xe3\x24\x90\x55\x7c\x38\xd8"
	"\x1b\x3c\x8b\x88\x65\xac\xf6\x37\xb7\xc3\x1f\xc6\x08\x49\x72\xd7"
	"\xc8\x43\x62\x3e\x31\x59\x9e\x1e\xde\xde\x1e\x7f\x7f\xfc\x3c\xbc"
	"\x2f\x66\x16\xe5\xe0\x5b\x2c\x09\xde\x10\x45\xf8\xe4\x00\x04\xbf"
	"\xce\xbf\xb5\x42\x82\x13\x52\x51\x10\x8a\x2d\x5f\xf7\xf8\x93\x27"
	"\x70\xb7\xd7\x61\xaa\xe9\xbe\x9e\xe7\x8f\xf1\xa1\xb5\x00\x34\x1a"
	"\x46\x57\x4d\x35\x10\x83\x9c\x31\xc9\xad\x59\x73\xc3\xc3\x4c\x67"
	"\xcf\xfd\xb7\xa8\x1a\x49\xab\x4f\x6b\x58\x19\x57\x4b\x35\xcf\x46"
	"\xe8\x51\xdc\x9d\xae\x81\xf0\x43\x53\xeb\x67\xf5\xed\xb4\x24\xa1"
	"\xa4\x74\xc6\x3e\x00\x7c\xa6\x96\x36\x73\x06\xc7\xf4\x90\x24\x0e"
	"\x82\xf0\xf9\x09\x10\x20\xbb\xb4\x02\x68\x94\xdb\xb4\x11\x40\x0a"
	"\x87\x66\xb1\xfd\x33\xcc\xb0\xb6\xca\x31\xdb\xa9\xab\x09\xb1\xdc"
	"\xc5\x89\x42\x44\x96\x6e\xe2\x80\x3b\x77\x34\x13\x4f\xbb\xc0\x1b"
	"\x00\xc0\x1a\x40\xfa\x01\xc4\x86\xb1\xcb\xb3\x6d\x0e\xb4\xc7\xca"
	"\x47\x53\x7b\x43\x47\x81\xbd\x95\x85\xa3\x0e\x38\xc4\x5a\xe7\x49"
	"\x94\xf8\x16\x6d\x17\x44\x81\xf2\x68\xd2\xf7\xcc\xab\xa1\x9f\xc0"
	"\x9b\xe2\x22\x8d\x51\x2a\x7d\x66\x4b\x3a\x9c\x14\xd0\x28\x4e\x33"
	"\x92\x1c\x8b\x53\xc4\x86\xb7\xd9\xf0\x32\xf8\xec\x2a\x4e\x45\x70"
	"\x09\x8f\xba\x3a\xb3\x11\x89\xfe\xb2\x4e\x10\x5a\xd9\x43\x61\x59"
	"\x11\x79\x49\x35\x5f\x18\x05\x11\xaf\xe0\x00\x02\xce\xd0\x6c\xa8"
	"\xc4\x2b\x4c\x4f\x1d\x73\x39\x4c\x51\x1e\xf0\xe8\x62\xb2\x6b\xdc"
	"\x59\x96\x37\x81\x67\xb8\x8f\x54\x2e\x87\xa4\x90\x04\xe2\x82\xd9"
	"\x57\xd5\x5d\x0e\x51\xab\x8a\xfb\x5a\x0d\x8c\xe1\x7e\x8c\x07\x81"
	"\x18\xf4\xf0\x0b\x45\x99\x13\x87\xe2\x4c\x96\xdc\xed\x36\x86\x80"
	"\x81\xcd\x01\xbc\xec\xfc\x3e\x7b\xbf\xbc\xbd\x1b\xcc\xc4\xec\xae"
	"\xc4\xe2\xb5\x71\x53\x1e\x08\xa1\x69\x9a\x44\x65\x6a\xee\x97\x83"
	"\x43\x73\xc7\x47\x6c\x14\xcf\x38\x53\x15\xb2\x4d\x08\x4f\x40\x7c"
	"\x65\x0f\xcb\xd2\xf2\x00\x2e\xcb\xcc\x43\x9a\xfd\x22\x21\x19\x26"
	"\x3b\x44\x7e\x66\xfc\x26\x1b\x59\xca\x67\xd5\xe3\x24\x9e\x80\x6c"
	"\xd4\x80\x0b\xd4\xc0\xf1\x2f\x9e\x08\x3f\xfd\xb8\xbc\xbf\xbc\xbc"
	"\x7f\x9d\x7d\xb9\xfc\x7c\xfc\x7c\x31\x3d\xc4\x80\x6f\x7b\x91\x5b"
	"\x56\x85\x8b\x96\x1a\xe4\x05\xd6\x8c\x02\x50\x39\xc8\x7e\xbe\xf9"
	"\xbd\x47\x97\xf3\xd5\xd9\x86\x08\xec\x25\x38\x1e\x10\xa2\x2f\xa0"
	"\x3d\xcd\x8f\x66\xeb\xcf\x61\xdb\xf5\x73\x8e\xed\x64\x83\xfa\xce"
	"\x43\x02\x40\x8c\x0c\x66\x70\xe7\xcf\x2b\xe5\xec\xec\x14\x41\x58"
	"\xd6\xc2\x90\x52\x2b\x01\x5e\x4f\x84\x3b\x9e\xc8\x47\xba\x3c\xa9"
	"\x09\x3e\xa7\x26\x45\x47\x69\xea\x06\x21\x6c\xc1\x16\xca\xfa\x11"
	"\xf3\x24\x1e\x3a\x95\x6a\x84\x27\x52\xe4\x2f\xf1\x43\xd0\x3a\x24"
	"\x66\x5a\x35\xaf\x4f\x4e\x9e\x30\xa3\xb5\xb0\xe3\x3d\x02\x41\x10"
	"\x9a\xc0\x15\x75\x9a\x54\xc5\x58\xfe\xc2\x95\x3a\x33\xdd\x30\x74"
	"\x28\xfe\x28\x04\xd8\xa9\x73\x12\xfa\xee\xb0\x7e\xb5\x97\xfb\x8e"
	"\x14\x05\x79\xf8\x9d\x93\x66\xeb\xf4\xdb\xde\xc8\xe5\x08\x8c\x9e"
	"\x70\x20\xd4\x44\x60\xe6\xf1\xeb\x51\xce\x08\xc1\x79\x76\xe6\x7d"
	"\x06\xa7\x88\xa5\x9a\x0f\x51\x82\xbb\x28\xc6\xf7\x1f\x7b\x84\x3c"
	"\xc5\x89\xcc\x9b\x0e\x8f\x64\x70\x4f\xe9\x1a\x8f\x37\x35\x67\x2c"
	"\x8f\xad\x70\x61\x54\x3a\xc8\xd7\x99\x3c\x41\xe6\x0d\xc8\xb4\x39"
	"\xd5\xa8\xe4\x87\xd7\x59\xf0\x78\x79\x82\xb0\x32\xcf\xcf\x3f\xbe"
	"\x35\x5b\x90\xd9\x3f\xd9\x2f\xfe\xd5\x68\x12\xd9\xd9\x8a\xe5\x93"
	"\x25\xeb\xf5\xaa\x89\xbc\x56\xe8\x05\x64\xc2\xd5\xaa\xc6\x66\x77"
	"\x8f\x88\x96\x08\x03\xdf\x88\xf9\x88\x19\x3d\x26\xbf\xe4\xd6\x34"
	"\x29\x4a\xc1\xa8\x24\xc5\x06\xc9\x53\xd6\xf0\xf1\x70\x67\xc5\x23"
	"\xb9\xd1\x02\xdf\xc5\xb1\x6a\x83\xa9\x61\x1c\x57\xf7\x9c\x6e\xbf"
	"\x41\x68\xac\x47\xc4\xb0\x92\x8a\x77\xa9\xdc\x1b\x29\xd4\x8e\xb6"
	"\x1a\xc6\x41\xae\xc7\xfb\xc7\xb1\xd2\x13\x37\x87\xba\x8e\x12\xa1"
	"\xf9\xf1\x73\x03\x9c\xa5\xdd\xc3\xb2\xfe\x21\x98\x08\xef\x23\xae"
	"\xf9\xcd\xf6\x1b\x39\x96\x34\x33\xfa\xd4\xb2\x79\x92\xf8\x4e\x2c"
	"\x28\xcc\x7a\xaa\x31\x9e\x63\x10\xe5\x14\xa2\xc6\x09\x8e\x01\x89"
	"\x4d\xe6\x54\x77\xdc\x10\x9d\x1a\x6d\xa0\x51\xd2\xd0\x26\xc8\x61"
	"\xcb\xca\xdc\xe9\x10\x1f\x6e\x7e\x3e\x3c\x7d\x7d\x78\x7a\xfa\x9f"
	"\xc5\x66\xbf\x58\x2f\x37\xff\xfe\xeb\xe1\xc6\x0c\x65\x13\x22\xff"
	"\x70\xf3\xfb\xe3\xeb\xf3\x5f\x0f\xaf\x97\x9b\xc1\xe7\x6b\xe9\xd9"
	"\xbe\xa1\x74\xb2\x58\x26\xb9\x6e\x1b\x3a\x06\x1b\x06\x28\xbe\x25"
	"\x82\x00\x2d\xbc\x92\x25\x7a\x54\x03\x20\xc7\x1c\x39\xe4\x15\x00"
	"\xd0\xe7\x4d\x36\x4c\x4d\x42\xc0\x08\xf3\x21\x2d\xc0\x1c\x78\xe4"
	"\xdf\x82\x79\x30\x1d\x2c\x5e\x5f\x7d\xb8\x67\x95\x3a\x46\x05\x62"
	"\x2d\x75\xd1\x85\xb3\xaa\x9d\xcb\x16\x82\x23\x1e\x20\xa3\x2a\x53"
	"\x24\x74\x34\x88\x8f\x55\xcc\xfe\x70\xdc\x28\x8e\x4a\xe5\x31\x17"
	"\x9b\x53\x60\x67\xca\xec\x28\xa1\x72\xef\x26\xfe\x06\x95\x30\x48"
	"\x2b\xe4\x50\x3a\x5d\x1a\x1d\x26\x52\x2a\x5b\xbe\x40\xe7\xcf\xc9"
	"\xd5\x7c\x88\xb9\x1a\xa8\x17\x13\x20\x0c\x48\xe2\x09\x4e\x26\x73"
	"\x03\xf2\x78\x00\x46\x4e\xbf\xb6\xca\x82\x7e\x35\x65\xb6\x73\x1a"
	"\xde\x77\x34\x2d\x3f\xde\x24\x9d\xa9\xbe\x65\xf7\x22\x20\x65\xcc"
	"\x68\x85\x3e\x5b\x65\x90\xf5\xdf\x7f\x8f\x40\x12\xe4\x56\x81\xb3"
	"\x40\xd7\x61\x54\xb8\x0c\x68\xd6\xbe\xb0\x29\x86\x07\x67\x14\xba"
	"\xc3\xbc\xcb\x6a\xa8\x60\x6b\xf1\xb7\x79\xc1\x62\xdb\x57\xce\x12"
	"\x65\x1e\x56\x09\x42\x24\x4b\x4b\xdf\xc8\x0d\x20\xf5\x79\xaa\x6c"
	"\x97\x53\x88\xf2\x16\x95\x48\x3c\x2b\x26\x0d\x62\x78\x4e\x2f\xc7"
	"\x2a\x62\x89\x82\x89\xcb\x28\x6a\x68\xc3\x95\x34\x25\xd8\x37\xfb"
	"\x5b\x79\xfe\xc9\xfe\xa6\xbe\x3c\xac\xd2\x80\xc7\x27\xcf\x8f\x40"
	"\x22\x49\xa8\x56\xda\x86\x95\x05\xa3\xbd\x02\x0b\x07\x0f\x31\x60"
	"\x8a\x2b\x90\x54\x71\x0c\x7f\x98\x58\xcc\x72\x47\x7a\xa5\x0b\x7f"
	"\x29\x81\x63\x07\x59\x79\x10\x2a\x87\xb3\x0b\x58\xa2\x1c\xc4\x0a"
	"\x37\xbe\x9c\xca\xc9\xea\x86\xf1\x84\xbb\xdc\x21\x4e\x40\x1a\x6b"
	"\x74\xf7\x03\x98\x9f\xbb\xbe\x15\x90\xb8\xb6\x20\x0c\x4a\x95\xa5"
	"\xc4\xbe\x60\x06\x19\xb7\xeb\x76\x8b\xbd\x74\x98\xe7\xf9\x40\x5f"
	"\xc4\x76\x9b\x9e\x7f\xf4\xb1\x3b\x18\xde\x9b\x35\x41\xde\xde\x8a"
	"\x90\x03\x7a\xdf\x0c\xea\x83\xd5\x37\x39\x52\x52\x07\x1e\x2e\x13"
	"\xd7\x96\x03\x83\x80\x3e\xbe\x7d\x36\xe9\x97\x82\x24\x4c\xcd\x03"
	"\xbd\x4a\xb1\x8a\x8f\xf3\x25\x52\x2b\x7f\xbd\x5c\x9f\x6b\x3f\x4b"
	"\xcd\x06\x35\x7f\x7e\x0f\x33\xc2\x7c\x2b\xe4\x15\xfb\xd5\xb2\xb8"
	"\x9d\x9b\x0d\x6e\xa6\x4f\xe3\xb4\xa8\x80\xc7\x1d\x56\x1d\x0f\x23"
	"\x87\xcd\xfc\x62\xcf\xcc\x6f\x07\x7b\x88\x5b\xc4\xcb\xfd\x7c\xbe"
	"\xb2\x08\x97\x66\x76\xd2\xb6\x0d\x4a\x06\x5a\xaf\xed\x18\xf7\xb0"
	"\xd8\x6e\xed\x10\x5e\xd0\xfd\xdc\xbc\x05\x38\x50\x6f\xb3\x5a\x9b"
	"\xef\xf5\xfc\x62\xb1\xd9\x2d\x91\x6b\xd6\xda\x77\xbc\xed\x7a\x61"
	"\x16\x33\xa3\xb9\x39\x57\xaa\x83\xc2\xd9\xdf\xee\xe6\x63\x30\x52"
	"\x6e\x31\x14\x28\x40\xd6\x0b\x35\xf1\xb2\x95\x4d\x9b\x17\x6c\x92"
	"\x98\x7b\x4a\xc4\xb2\x63\x62\x36\xad\x4d\xa6\x41\x15\xf9\x82\xf3"
	"\x54\x8f\x6e\xaf\x08\x2c\x91\x23\x1b\x0e\x4b\xee\x13\xc7\x1d\xd0"
	"\xcc\xb4\x92\x0e\xac\x35\xf7\xc2\xc0\x34\xe7\x13\xd5\xa1\x43\x89"
	"\x76\xce\xd9\xae\x47\x19\x9b\xa7\xb0\x86\x40\xe0\x08\xd8\x35\x2b"
	"\x9b\xcc\xa5\xae\x94\xf9\xac\x22\x84\x99\x39\xd4\xc4\x3f\x2e\x24"
	"\x4c\x3f\x2c\xcd\xf7\x2a\xbd\x7c\x6d\x93\xc7\x24\x74\xbc\x7b\x1b"
	"\x82\x6d\x3e\x37\xbb\xad\x35\x93\xfd\xca\x3b\x6f\xec\x80\xf3\xf9"
	"\xd6\x8a\x88\xfc\xb2\xde\xed\x0f\x19\x29\xce\x83\x46\x28\x2f\x7f"
	"\x3f\xbc\xcd\xa2\x6f\x6f\xef\xaf\x3f\x9e\x79\xec\xd1\xb7\xaf\xcc"
	"\xc4\xfe\x32\x7b\x7f\x7d\xf8\xf6\x06\x0d\x33\x83\x98\x25\xb3\x2f"
	"\x4c\x27\x3d\x7e\x87\xff\xca\x0d\xc5\x86\x3a\xe2\xbd\x29\xeb\x2a"
	"\x30\xef\xc6\x41\xda\x56\x51\xb0\x07\x81\x07\xd2\xc3\x2c\xc8\x42"
	"\x67\xd6\x5a\xff\xb3\x2f\x2f\x7f\x7d\x7b\x7a\x79\x68\xdf\x08\x29"
	"\x16\x18\xb8\x0f\x38\x30\xd6\xb2\x21\xb3\x7b\xf4\xed\xfd\xf2\x34"
	"\xa3\x91\xc7\xed\x37\xb1\x8b\x6a\xe9\x9a\x0a\x8f\xed\xdb\x87\xc9"
	"\x47\xb6\xd4\x0d\x53\xfb\x8c\x0e\x2f\x6f\xef\xa8\xd0\x7b\x78\xfd"
	"\x62\xfa\x0c\x8a\x7f\xf9\xfe\xfa\xc2\x54\xfe\xdb\xcb\xeb\xac\x78"
	"\x7f\x78\xbf\x48\xb4\x52\xb3\x7f\x7a\x69\x41\xff\x25\x6d\x12\xbb"
	"\xf2\x75\xd9\xf5\xdd\xee\x1d\x90\xd3\xd1\x73\xcc\x49\x09\x51\xa1"
	"\x13\x54\xed\xae\x43\xd3\x06\x0a\xcc\x7c\x8e\xd1\x46\x00\xa9\x79"
	"\xd4\x61\x95\x72\x97\x6d\x81\x33\xa6\xab\x80\x4a\xe7\xc3\x0d\xd0"
	"\xde\xad\x57\x37\x6a\x80\xb8\x92\x3f\xf7\xe4\xfe\x3d\x37\x7f\x02"
	"\x2d\xde\xcf\x45\xbd\xb9\x95\x9e\xec\xc3\x20\x68\xec\x3e\x98\xce"
	"\x18\x99\x28\xcf\xa8\xf0\x4c\xc7\xed\x20\x72\xdc\x3a\x65\xcb\x7e"
	"\x95\xf9\x8e\x1a\x56\x52\xc4\x76\x85\x90\x64\x69\x5a\xaa\x25\x8f"
	"\xe9\x40\xa5\x40\x32\xe7\x05\x06\x7d\xc3\x5f\x81\xa1\x85\x21\x49"
	"\x68\xd1\x6a\x0d\xf3\x32\x44\x94\xaa\x31\x1d\xcd\xcb\xe0\x1f\x0d"
	"\x86\xc2\xe5\xf9\xe5\xf5\x57\x37\xb8\xde\x5f\x5e\xd9\x70\xf9\xcf"
	"\x8c\x50\xea\xfd\x36\x4b\xd8\x76\xfe\xb7\xd9\xf7\x36\x84\x53\x7f"
	"\xae\x00\xd9\x85\x99\xf0\xef\x60\x5f\xee\x4f\xe5\xe4\x5c\x66\xee"
	"\xd3\xcb\xe7\x3f\x67\xe5\xc3\x1f\xea\x0f\x45\x88\xa6\x52\x25\x7a"
	"\xe0\xe1\x5d\x38\xbb\xb3\xd1\x88\xe7\x5d\xc2\x56\x0b\xb1\x1b\xec"
	"\xf9\xf1\x7e\x9b\xb1\x2d\x1e\x2b\xa9\xfb\xf0\xce\xa6\xf9\xaf\xd9"
	"\x3f\x66\xf1\xcb\x5f\x0d\xa3\xda\xeb\xe5\x89\xcd\x80\x2f\xc0\x72"
	"\xf9\xfb\xe3\x1f\x6f\x6a\x21\xe0\x67\x1d\xd5\x97\x36\xca\x40\xd4"
	"\x11\x6c\xa9\xa3\x82\x8b\x0e\xc0\x52\x52\xb2\x75\x7d\x85\x0f\x1f"
	"\x15\xb8\x9e\x0a\xdc\x4c\x05\x6e\xa7\x02\x77\x53\x81\x7b\xac\xd9"
	"\x35\x58\x66\x6f\x94\xfd\x7c\xe2\x07\x57\x78\xa3\xb0\x11\xed\x56"
	"\x96\xf9\xe0\x54\x67\xc7\xf7\xe0\xc8\x38\x40\x0a\x0d\xa4\xa2\xfc"
	"\x34\xd9\x3b\x80\x81\x9c\xd7\xf0\x6a\x81\x59\x18\xa5\xe6\xfc\x47"
	"\x21\xc0\x3a\x2b\xcc\x76\xb0\xdf\xd6\x00\x1b\x0e\x90\x07\x4a\x9b"
	"\xd6\x7e\xc2\x26\xd3\x3e\x3f\xc4\x05\xb1\xca\x22\x20\x89\xf2\xd0"
	"\x8d\xcd\xa1\xd1\x5a\x8c\x12\xce\x53\x24\xc6\x7e\x6a\xec\xa6\x53"
	"\xee\x64\xf5\x01\x39\x16\x6e\x51\xa8\xb0\x31\x26\xa3\x24\xab\xca"
	"\x3a\xad\x4a\xf8\xc7\xab\x72\x4e\x1c\xde\xe8\x00\xf4\xb7\xdd\xb5"
	"\x47\xdb\x24\x63\x3f\x68\xb8\x18\xcf\x65\xd3\x6e\x48\x4f\xf3\x28"
	"\x8b\x1c\xab\xce\x62\x27\xab\x24\x9e\x7d\xbd\x31\x1a\x29\x46\x15"
	"\x29\x41\xf2\x52\xca\x63\x28\xa6\x7e\xec\x58\x01\x47\x35\xfe\x83"
	"\x2a\xb1\xd9\xbc\x3d\x90\xf0\x43\xaa\x61\x73\x49\xc8\x21\x9b\x20"
	"\x6f\xc2\x32\x4b\x7d\x43\x12\xd3\xdd\x95\x9a\x0c\xbf\xa7\x45\x71"
	"\x1c\xa6\xde\xa5\x79\xaa\xa6\x36\x71\xc4\x0d\x6d\x5e\x25\x10\x1c"
	"\xdb\x20\x28\x62\xd7\xd3\x5b\x01\xd2\x6a\x4a\xf5\x6d\x85\xfc\x79"
	"\xb6\x68\x86\x7a\x4e\x27\x99\x7e\x13\x52\x3e\xa6\x85\xa0\x24\x07"
	"\x4a\x0f\xfd\x23\x20\x3c\x2e\x90\xfc\xb9\x70\xa9\xe6\x06\xf7\x0e"
	"\x5e\x7c\xe7\x56\xc1\x20\x5c\x81\x57\x15\x25\x33\x85\x1b\x22\xdf"
	"\x83\x4f\x23\xe0\x6a\x55\x3e\x07\x89\xa3\x03\x9b\x83\x56\xfe\x48"
	"\x8f\x96\x07\x92\x53\xa6\xc0\x32\xa7\x3e\x46\x0e\xdb\x28\x78\x54"
	"\xef\x4a\xd6\x76\x5a\xe3\x64\xb4\x3c\x39\x5a\xfb\x80\x59\x20\xe6"
	"\x92\x20\x8d\xd6\xa4\x40\x98\xea\x86\x03\x42\xc9\x56\x16\x16\x82"
	"\x72\xd7\x38\xc4\x65\x40\x1b\x87\xfb\xe6\xe7\x42\x6b\x14\x40\xf1"
	"\xa0\x69\x7b\xdc\x34\x11\x10\x2d\xee\x98\x11\xb2\x1e\x87\x6c\x57"
	"\x48\x9b\x76\x80\xad\x3e\x4e\x5a\xc9\x6e\x3d\x96\xbb\x16\x3b\xae"
	"\x75\xb3\xa0\x5c\x2e\x76\xa8\x39\xf1\x52\x11\x3f\x58\x98\x58\x3f"
	"\x9e\xde\x1f\x29\x10\x27\xff\x36\xf3\x1f\xdf\xbe\x3f\x3d\xfc\xfa"
	"\x8d\x59\xf6\xcf\x6c\x5b\x22\xd1\x81\x2a\x83\x2b\xa2\xa1\xd8\xd8"
	"\x7c\xb8\x79\x5b\xff\xf9\xf5\x79\xf9\xf6\xbd\x86\xc8\xb5\xcf\xf5"
	"\xf3\xe3\xf7\xc7\xfa\xf5\xe1\xaf\xd9\xe3\xf3\xdf\xb7\xdb\x85\x9e"
	"\xca\xd0\xb7\x5f\xb7\xf5\xdb\x8f\x6f\xdf\x7e\xf5\xa9\x7f\x7c\x9e"
	"\x2f\x9f\x17\x7a\x6a\x97\xb3\x96\xde\xe4\x3c\x44\x43\xce\x0f\x0f"
	"\x9f\x07\xf9\x0e\xcb\x00\xf9\x7e\x41\xd3\xd5\x9c\x6f\xcc\x4d\xe0"
	"\xc1\x71\x1d\x1b\xff\x7e\x7e\x84\x69\x26\x8f\x72\xe2\xb1\x29\xe1"
	"\x93\xb4\x06\xc6\x3b\xf3\xc8\x2c\x8e\x19\xc4\x89\xa4\x25\x21\x66"
	"\x80\x0f\xe4\x8f\x40\x00\x98\x84\xd8\x1a\x01\x4b\xe9\x6e\x59\xbb"
	"\x3e\xb6\x42\xb4\x04\xd9\xf2\xc3\x5a\x35\xbd\xce\x0b\xcf\xfc\x7d"
	"\x09\xe3\x67\x04\x2b\x82\x84\x2a\x8b\x60\x54\xb3\x48\xf0\x90\x64"
	"\xc1\xd8\x9a\xd1\xa3\x03\x7f\xb4\x94\xa7\x49\xa5\x24\xce\x55\xa5"
	"\x64\x6a\x69\x7a\x21\x69\xe0\x8e\x96\x32\xf3\x1d\x14\x03\xc3\x49"
	"\x4b\xa4\xfe\xc7\xfa\xb8\x1a\x26\x0e\x6a\x08\xc0\xd2\x71\xd1\x85"
	"\x8a\x89\xa9\x9b\x9e\x55\x9f\x0e\xbe\xa7\xe9\x66\xb2\x4c\xc6\xcd"
	"\xa3\xb0\xdf\xf7\x42\xb4\xad\xfe\x9b\x11\x6c\xf4\x15\x6c\x15\x11"
	"\x9f\x53\xd5\x94\x67\x5a\x4e\xd5\xb9\xc5\x30\x83\xa5\x8b\xa5\x35"
	"\xb7\x7b\x22\x12\xf3\x58\x2f\x22\xbe\xee\x20\xe2\x93\xf3\x8c\xe9"
	"\x60\xf6\x1d\x88\x95\x13\xc1\xe4\xce\xd3\x52\x84\x95\xb8\x99\x1b"
	"\x8a\x33\x80\xd5\x87\x13\x92\x6b\xce\x36\xd2\x10\x19\x9e\x55\x2f"
	"\x1f\x0e\x00\xc8\xec\x40\xa2\xf0\x50\x7e\xb8\x81\x80\x67\x37\xb2"
	"\xe0\x14\xf9\xe5\xe1\xc3\xcd\x62\xbe\x9b\xeb\xaa\x08\xc4\x67\x5e"
	"\xb6\x61\xfa\xbd\x9c\xce\x8d\x35\x56\x50\x64\x82\xa4\xbe\xb5\x39"
	"\x8b\x08\x5e\x14\x41\xc4\x0b\xd6\x37\xc2\xac\x46\xdb\xb6\x25\xf4"
	"\x27\x49\xc8\x83\x3e\x8d\xcd\xb5\x34\x29\x2a\x0a\x37\xc0\x10\x2a"
	"\x99\x95\x50\x9c\x5a\x8c\x4c\xba\x0c\x5c\xe7\xe3\x34\x17\x67\x16"
	"\x37\x3e\x9f\x7d\x7e\xa6\x75\x91\x9f\x93\xd5\x7c\xb4\x04\xfe\x99"
	"\x19\x3c\x40\xf8\xe8\x67\xa3\xd8\x46\xe3\x1e\xfd\xb4\x46\xdd\x96"
	"\x24\x1c\x9b\x76\x76\xdc\xd1\x67\x4b\x45\x40\xb1\x6a\xfa\x15\xac"
	"\x2f\xac\x72\xd0\xa0\x6d\xd7\xcd\x65\x04\xa5\x6d\x40\xf8\xa1\x52"
	"\x69\x45\x7a\x67\x1f\xa2\x20\x3a\xfb\xc5\x78\x6d\xfd\xfb\xc4\x81"
	"\x3d\x59\x90\x49\x06\xec\xb8\x3a\xec\xde\x94\xe1\x8a\x2e\x24\x49"
	"\x44\x78\xf0\x24\x33\xc4\xab\xba\xa3\x9a\xcb\xb7\xb7\x97\x57\xed"
	"\x6c\x44\xe8\x24\x64\x61\x15\x32\x38\x35\x89\x60\x57\x06\xd1\xa6"
	"\x6e\x96\xff\xd6\xa7\x2f\x78\x00\x34\xfb\x36\xe1\x91\x4a\xf2\x94"
	"\x12\xf3\x9b\x60\x55\x37\x29\xe8\xc1\xce\x09\x84\x87\x0a\x57\x3d"
	"\x2e\x8d\x16\x6c\xfb\x8b\xf9\x0c\x71\xcd\x12\x15\x2b\x1f\xde\xb9"
	"\x9c\xf0\xf1\xe5\xad\x6e\x17\xf6\x5c\x00\x62\xb1\x56\x69\x56\x6d"
	"\xe6\xeb\x79\x68\x29\xa8\xb3\x3c\x9f\xc7\x5b\x23\x2e\xb2\x62\xd0"
	"\x0a\x72\xe3\x02\x00\xdf\x40\x82\xd4\xd6\x5e\x1e\x5d\x6d\xd6\x96"
	"\x33\xa2\xb8\xcc\x57\xf3\x95\x4d\xbc\x5e\xe3\x66\x7d\x51\xde\xad"
	"\xce\x8b\xb3\xde\xd6\xc6\x9a\x86\xf7\x79\x5a\x78\x69\x36\x98\x4f"
	"\x20\x18\xef\xf2\xf0\xde\xda\x5d\x51\x19\x2e\xe6\x8b\xf9\x68\x7f"
	"\xdd\x5b\xce\x9c\xfa\x46\xa7\x4e\x98\x90\x72\xe2\x80\x96\xc1\x03"
	"\x13\xd3\x09\x6d\x55\x73\xee\xe8\x7c\xbf\x5f\xac\xad\x83\xb5\x01"
	"\xe1\x7d\x78\x38\x51\x24\xb6\xb2\x5a\x50\xd7\x31\xcc\x51\xb5\xa9"
	"\x9d\xb1\xae\xc8\x96\xbb\x39\x5a\x5a\x7d\xa2\x97\xd1\x91\xab\x31"
	"\xbb\x09\xd4\xe2\xb0\x0f\xab\xb9\x36\xfa\x29\xa8\x0a\x33\xad\xab"
	"\x36\xe8\xf2\x63\xdd\x99\x67\x66\x04\x1d\x85\x8c\x02\x20\x86\x91"
	"\x93\x73\xdd\x35\xf6\x35\x08\x79\xd6\x35\x89\x72\x01\xa9\xe0\xd2"
	"\x1c\xc2\x93\x60\xd4\xb5\x2a\xb6\x4a\x98\x09\x15\x81\xea\x1c\xf9"
	"\x78\x03\x84\xf9\x36\x0d\xc9\x46\xaf\xa1\xa4\xe2\x20\xa8\x05\xd8"
	"\x86\x8b\xf4\x41\x1b\x0c\xae\x6c\x99\x05\x78\x24\x9e\x0d\xc5\x6d"
	"\xc4\x11\x4c\xc8\x0a\x34\x9e\x53\xd3\x09\x36\x48\xd7\xa3\x36\x90"
	"\xe8\xa4\x09\x0d\x30\xcc\xc7\x3c\xb4\x4b\x92\x09\x0f\x16\x62\x19"
	"\x1a\x45\x14\x26\xdc\x3b\x3b\x61\x7a\x2a\xd5\x47\x88\xa6\x9e\x49"
	"\x06\xf0\x89\x33\x2b\x2a\x2b\x67\x24\x3f\xc7\x5a\xdd\x28\xc9\xee"
	"\x6c\x72\x88\xef\x63\xed\x98\xd8\xae\x2d\x93\x02\x4e\xb9\x20\x24"
	"\x77\x6d\xc3\x65\x91\x77\x57\x65\x36\x44\xb3\x0f\x92\x66\x99\x35"
	"\x43\xd1\xcc\xed\xe2\x60\x43\x96\x51\x5c\x0a\x98\x0d\x05\x3e\x69"
	"\xd6\x6c\x0a\x27\xaf\x27\x8d\x18\x3e\x39\x19\x12\x1f\x2e\x6e\x04"
	"\x3a\x1f\xdc\x14\x47\xd4\x30\xb7\xb9\x17\xf8\x22\x13\xd4\x71\x41"
	"\x37\x7e\xc1\xed\xd3\x34\xf1\xb5\x48\xc4\x6a\xf9\xdb\x72\xd9\xb2"
	"\xe3\x5e\xac\x1e\x7a\xd5\xac\x9b\x49\xe2\x01\x77\xcd\x27\x94\xcd"
	"\xf2\xd6\x5a\x88\xed\x4c\x5c\x38\xbe\x44\x18\xd9\xb4\x33\x29\xcf"
	"\x70\x81\xfa\xf2\xe5\xf2\x3c\xfb\x07\x70\x9c\x7c\xbb\x7c\x7e\x7f"
	"\xfc\xf9\xf8\xfe\x4b\x35\xa7\xbd\x94\xba\x83\xdb\x18\x9e\xd8\x5d"
	"\x86\x6d\x96\x73\xcb\x16\x4e\x45\xee\xa6\x21\xb7\x9b\xcd\x74\xe4"
	"\x6a\xea\xd7\x57\x93\xcb\xb9\x5a\x4e\x41\xc2\xfe\xf4\xbe\xa8\x37"
	"\x5b\xcb\x85\xa6\x09\x3e\xad\xc4\x7d\xee\xbb\xeb\xe0\xfb\xeb\x0a"
	"\xb3\xbe\x0e\xbe\xb8\x02\xbe\x5b\x6c\xb6\xd7\xc1\xaf\xa9\xea\x6a"
	"\xbf\xb9\xae\xdd\xb7\x8b\xab\xe0\xab\x2b\x1b\xf2\xba\x6e\xda\x5d"
	"\x57\x98\xdd\x55\xdd\x64\xbb\x8b\x30\xc1\xd7\xd7\xc1\xb7\xd7\xc1"
	"\xaf\x2c\xfb\x1e\xbb\x01\x31\x16\x65\xab\x1d\x0f\x74\x98\x0f\x37"
	"\x12\xe8\x66\x88\x01\x7f\x1c\x7e\x08\x3f\x38\x4d\x6c\xf2\xd0\xde"
	"\x43\x0e\x00\x6e\x69\xd6\x8b\x4e\x52\x8e\xd4\x57\xbc\xfe\xb3\x66"
	"\x1e\xca\x4f\x5f\xfb\xe4\x13\xb3\x8e\x06\x77\xe3\x4e\x51\x64\x69"
	"\xc4\x4c\xa6\x7c\x31\x7e\x31\xdd\x83\x97\x23\xc7\x35\xf0\xad\x9a"
	"\x7a\xc8\x1d\x80\x7f\xf0\xb2\xe3\xc6\x6b\x4b\xa4\x1e\xdb\x25\x6c"
	"\x73\x4d\xea\xc8\xf7\x4c\x87\x8a\xa1\xd1\xcf\x52\x78\xe5\xa0\x77"
	"\xde\x20\x82\x80\xb1\xfc\xa9\x71\x41\xca\xd2\x4c\x92\xd3\x42\x09"
	"\xd5\x0a\x15\x88\x47\xb3\x7a\x62\x33\x52\xb8\xce\x5f\xb3\xbf\xb5"
	"\x91\xc0\x00\xeb\xf9\xdd\xe1\xd3\xf8\xe1\x1f\xc9\x81\xe3\xa7\x8d"
	"\x0d\x35\x76\x10\xc6\x5a\x28\x50\x1d\xeb\xbb\x86\xa3\xe5\x6a\xb5"
	"\xda\x8a\x51\x3e\x9e\x8b\xf0\x03\xf0\x23\x1e\x30\x99\x73\x81\xf1"
	"\x11\xdd\xbf\xb9\x04\x22\x1f\x9f\x6d\xf2\x44\x70\xd4\x28\xd1\x0f"
	"\xd3\xbc\x48\x7a\xe2\x26\x57\xc8\xef\xc6\xd2\x87\xe5\x5a\x95\xac"
	"\xcc\xe7\x8d\xfc\x01\xb6\x47\x13\xad\xe5\x89\xf8\x08\xf7\xaa\x33"
	"\x49\xbc\xd8\x57\x83\xa3\x4b\x22\x2f\x42\x7d\x64\x04\x60\x39\xb8"
	"\x34\x2f\x22\x5a\x73\x1f\x2d\x71\x6d\xcc\x4c\x5b\xfe\x62\x80\xd3"
	"\x0e\xe2\x8e\x18\x14\x22\x88\x99\xda\x41\xf4\x89\x76\x79\xed\x96"
	"\x51\xa0\x37\x97\x9f\x99\x86\x2e\xbf\x91\x47\xba\xb2\x39\xc3\xfc"
	"\xfc\xe3\x75\x60\x75\xc1\xcd\x5f\x68\xcc\xb0\xcc\xc1\xa8\x4b\x98"
	"\xc9\x5b\x12\xeb\x30\x8b\x3c\x56\x61\x00\xd7\xe6\x6b\x44\x55\xde"
	"\x5d\x80\xcb\x17\x0c\x32\xe6\x53\xdf\x83\x92\x47\x72\x27\x6f\x8f"
	"\x83\xe1\x01\x19\xe2\xbd\x3c\xcc\x4b\x54\x95\xed\x44\x91\xb9\xdc"
	"\xff\xe4\x18\x14\xc3\x11\xd4\x8b\x83\xcc\x26\xbd\x23\xf7\x2d\x45"
	"\x81\xb5\x0a\xb8\x37\x4b\x0f\x6a\x9f\xea\xd8\x15\x82\x52\x57\x8d"
	"\x84\xdd\x88\xea\x9f\xc6\x15\xe3\x39\x36\x8d\xd7\x34\x39\xdc\x02"
	"\xa0\x25\xe7\x3f\x69\xec\xff\x91\xf1\x22\xfc\x4f\x4b\x70\x57\xc7"
	"\x0e\xcf\x3d\x78\xf7\x80\xca\x4f\x70\x0f\xab\x4a\xd5\x5d\x91\x93"
	"\x65\xf2\xaf\xf1\x0d\x16\xdc\x3f\x4c\x06\x36\xef\xdf\x10\xbc\x3c"
	"\xa7\xa0\x2d\x04\x92\xfb\xe3\x57\xae\xf0\x79\xed\x9e\x97\x7e\x9a"
	"\xdd\xbd\x5e\x2e\xea\x44\x14\x6e\x34\xfd\x9d\x84\x5a\xe5\xf0\x53"
	"\x7d\x27\x9e\x5f\xf5\x8b\xdb\x27\xee\x1a\x75\x8a\xca\x43\x4d\x6f"
	"\x2b\xfc\x38\xa0\x5b\x53\x78\x35\x06\x7a\x81\x95\xa6\x7c\xfd\xf1"
	"\x26\x2b\x86\xf0\x93\xce\x28\x4c\x4b\x48\xe4\x15\xbb\x17\xa3\x20"
	"\xc0\x8f\xd3\x13\x26\x8f\x9d\xfa\x38\xda\x4e\x30\x4e\x9c\x44\x61"
	"\xd7\xec\xfa\x9f\x9f\xef\x9d\xb0\x2e\x06\xe7\x06\xb8\xd3\xa2\x75"
	"\x72\x84\x57\x49\xcc\x12\x02\xfd\xce\xda\x0d\x73\x53\x3b\xba\xcb"
	"\x39\x96\x5b\x94\xd4\x87\x14\x9e\x1a\x23\x23\x97\xb7\x53\xfa\xfe"
	"\xf5\xf2\x3a\xcb\x2e\xaf\x8f\xdf\xd9\x7f\x1e\x9e\xb4\xdb\x20\xc7"
	"\xf3\x7c\x35\x9c\x96\x48\xa9\x49\x94\x98\x1a\x40\x92\xaa\x8f\xe6"
	"\x1a\x41\xdb\x67\x00\x98\x1b\xb2\x95\xe5\x0b\xec\xc1\x89\x0c\x74"
	"\xa3\x41\x51\xfa\xf7\x37\xc4\xf1\x0b\x1e\x1e\x20\xe2\xee\x1e\x9e"
	"\xef\x5b\x71\x6d\x9e\x01\xd3\x0f\xc0\x76\x42\x6c\x05\xc8\x58\xf3"
	"\x16\x27\x27\x1b\xc3\x80\x3f\x50\x98\x18\x42\x8d\xf5\x8e\xe9\x69"
	"\x95\xf3\xf2\x35\xe5\x30\x8f\xc0\x94\x99\x6e\x15\x7f\x16\x3d\xa2"
	"\x3c\x5b\x20\x38\x4f\xda\x35\x00\xec\xe8\x20\xf0\x13\x9b\xcd\x99"
	"\xe7\x32\x73\xd3\xac\x03\x8b\x95\xb3\x5c\xae\x49\x53\x29\xfc\xdc"
	"\x8c\x8d\x58\xcf\x2e\xad\x4f\x0e\x76\x1b\xeb\x86\x65\x3a\x70\x2e"
	"\x8e\x57\x1e\xbf\xbb\xc6\x7d\x85\x69\x64\x93\xd5\xee\x29\xb6\xca"
	"\x69\x56\x61\x46\x30\x5b\x8c\x07\xfe\x1c\x90\x78\x5c\x99\x1c\x2f"
	"\x84\x53\x32\x6e\xde\xde\x62\xdf\xc9\x0a\x52\xc1\x8d\xf7\xed\xc0"
	"\x51\x14\x0e\x21\xad\x2e\xaa\x25\x27\xaf\x0d\x75\xab\x30\x26\xc9"
	"\xe0\xd2\x10\xd2\x38\xeb\x80\xf0\x02\xc4\x8f\xb6\x01\xc7\x1f\xf8"
	"\xf1\xff\x8d\x2d\x20\x1c\xe4\x56\x9b\xd5\x62\xb3\x9e\xe0\xfb\x23"
	"\xc1\xf7\x53\xe1\x8e\xbf\xde\x2d\xe7\x57\xa1\x57\xd7\x60\x27\xe7"
	"\x7c\xb7\x5d\xdd\xae\xaf\x41\x6f\x17\x57\x34\xc9\xed\xf2\xf6\x2a"
	"\xf4\xfe\x1a\xf4\xf6\x76\x1d\x9e\x3e\x4d\xfd\x85\x7f\xda\xef\xe6"
	"\xf3\xd3\x75\xf0\xe3\x15\xf0\xed\x62\x77\x1d\xba\xb8\x0a\x7e\x7b"
	"\x25\x7a\x7a\x35\xa7\x67\x1d\x7b\x3b\x06\x5f\x2e\xaf\xc2\x2f\x17"
	"\x57\xe3\xcf\xfe\x95\xbf\x98\x5c\x83\x80\xae\x27\xcf\xba\x20\x5b"
	"\xaf\x17\x73\x32\xb9\xf4\xb4\xdc\x67\xf3\xc5\x76\x2a\x3c\x3d\xee"
	"\x76\xcb\xc9\x53\x4f\x5c\x2f\x70\x1b\x7f\xda\x0f\x42\x27\x98\xcf"
	"\x27\xcf\x55\x8e\x5e\x5e\x85\x9e\x3c\xda\x4f\xc7\xf5\x62\xe1\x38"
	"\x63\xae\x9b\x41\xcc\x83\xb5\x80\x43\x9b\xa6\xe6\x8f\xb7\xf1\x52"
	"\x12\xdb\xee\x98\x1a\x08\x70\x88\x2d\xf6\x8b\x49\x48\xba\x62\x8a"
	"\x67\x32\x72\x35\x19\x79\x3b\x05\x99\x97\xb7\xeb\xf9\x7a\x1a\x72"
	"\x3d\xdf\x4d\xaa\x11\x7f\x88\xb4\x99\x8a\x54\x5f\x82\xe3\xb8\xcd"
	"\x5c\xef\x16\x09\x80\xc7\xae\x37\x01\xf9\xb3\xe4\x49\x68\x8b\x9d"
	"\x20\xc1\x32\xcd\x9e\x51\x44\x3c\x5a\x88\x87\x23\xfc\x58\xfe\x39"
	"\x98\xc9\xf2\x38\x54\xee\x39\x93\x7b\xfe\xfa\xc6\x43\x5e\x0e\xc8"
	"\x00\x61\xc1\x20\x2f\x0c\x88\x2f\x9d\x26\xf1\x2f\xfd\x3f\x67\xd7"
	"\xd2\xdc\xb8\xad\xac\xf7\xf7\x57\xa8\xb2\x4a\xaa\x4e\x6e\x44\xca"
	"\x7a\x78\x91\x05\x44\x52\x12\x22\xbe\x86\x00\x25\xda\x1b\x96\xe3"
	"\xd1\xc9\xb8\xe2\xd8\x73\x6d\x4f\x9d\xc9\xbf\x3f\xdd\x00\x25\x12"
	"\x24\x1a\x54\xee\x62\x1e\x42\x7f\x04\x41\x3c\x1b\x40\xf7\xd7\x29"
	"\x3a\x11\x25\xb0\x13\x46\xbf\xc9\x03\x8b\xcb\xe8\x57\x7f\x3e\xef"
	"\xd2\x47\x06\x7b\x5d\xdc\xb3\x32\x1f\xe7\xab\x39\x71\xbf\x64\x01"
	"\x43\x7f\xbc\x5d\xda\xe8\xba\xa1\x28\x5a\x51\xe5\x66\x6c\xe5\x8b"
	"\x20\x3f\x26\xae\xe7\x34\x6b\x4d\x97\x1d\x45\x16\x19\xd2\x76\xc0"
	"\xee\x2c\xc9\xa3\x82\xa1\xce\x4e\xe9\xa2\x68\xb4\xc9\x8d\xe7\x61"
	"\x38\xac\x66\x1e\xeb\x9b\x3d\x75\xd5\xc7\x42\x56\x58\x28\x7b\xd5"
	"\x82\xa0\xb7\x3b\x85\xbd\x3c\x86\x5c\xc0\x83\x11\x2e\x1a\xdf\x17"
	"\x73\x73\xda\x22\x0e\x3e\xe5\x8f\x35\xf0\x7d\xc5\x14\x8c\xbb\x23"
	"\x86\xfe\x94\x78\xae\x37\xbc\x51\x95\xfb\x89\x72\xce\xfe\xfd\xe1"
	"\xf9\xe1\xe5\xf1\x34\x79\x78\xf9\x3c\x79\xd7\x9c\xe1\xa7\xc9\xe9"
	"\xe5\x0b\x26\xa2\x47\x73\xd7\x61\x59\x7d\x6f\x18\x47\xd0\xa2\x31"
	"\xc6\xe4\xad\xa3\x74\x87\xff\x26\x51\x4a\x4d\xa2\x8a\x9c\x5c\x1f"
	"\x38\x0f\xf7\x1d\x5a\x38\xa0\xfd\xb9\x14\x30\x7a\x39\xbd\xfd\xf1"
	"\xf7\x84\x29\x77\xf2\x86\xd0\x1c\x77\xd1\xcf\xdf\xde\xfb\xc5\xd2"
	"\x59\xc1\xf7\x37\xe7\xa9\xd4\x3e\x1c\xb3\xdd\x9d\x3e\x4e\x6f\xaf"
	"\x7f\x9c\x5e\x5e\xbf\xbd\x6b\xc7\x91\xbc\x75\xe8\x3e\xbf\xa5\xdd"
	"\x9f\xeb\xac\x77\x26\xdb\xd4\x25\x51\x91\x7c\xd6\x8e\xe8\x00\x88"
	"\x41\xaf\xb1\x32\x4a\x83\x3b\xa8\x89\x03\x2b\x38\xda\x8d\x88\x80"
	"\xc5\xb6\x9e\xd8\xc9\x39\x2e\x5b\xff\x16\x28\xf7\xdb\xb7\x97\xff"
	"\x43\x7a\xf7\xc9\xfb\xc7\xc3\xc7\xd3\xfb\xc7\xd3\xe3\xe4\xf1\xe1"
	"\xf9\xf1\xdb\xf3\x99\xa6\xda\x52\x23\xc5\x27\x76\xd8\xd6\x7b\xfa"
	"\xb8\xa5\x0b\x2b\xc7\x60\xd0\x37\x77\xdc\x71\x6d\x04\x43\x5b\xee"
	"\x8a\x4c\xca\x18\xb7\x40\x29\xb5\xa3\x2a\x43\xa8\x32\x9e\xf7\x0e"
	"\xe0\x59\x59\x70\x9c\xae\x14\x4f\xbe\xb6\x30\xb1\xfb\xfc\xe1\xe3"
	"\x1d\xdb\xdf\xe1\xe9\x0e\x54\x30\xbd\x1f\x2d\xc5\x7a\x43\x50\xcc"
	"\x22\x97\x87\x76\x1e\x2b\x1c\x7b\x4c\x44\xe1\x55\xc5\x6c\xb1\x26"
	"\x18\x8b\xcf\xf9\x64\x92\xb6\x4d\x45\xd2\xce\x0e\x79\x88\xfb\x75"
	"\x01\x2b\xba\xf6\xd3\x6e\xb0\x38\xd6\xda\x85\xd4\x6d\xde\x8d\x50"
	"\xcc\x6c\x8a\xce\x6b\x17\xdf\x35\x6a\x6e\xd4\xc4\x3e\xa0\xf2\x0d"
	"\x27\x2c\x16\x45\xf5\x26\x1a\x4c\xac\x03\x0c\x23\x98\xaa\xcf\x72"
	"\x9e\xb3\xd4\xe1\x17\x8b\x90\xa4\x40\x37\x38\x27\xa4\x24\x9b\x84"
	"\x63\xc4\x9b\x24\x8f\x39\x4e\x59\x74\xbb\x95\xb3\xb0\x46\x96\x92"
	"\x2c\x8d\xef\xdc\x28\xe8\x04\x23\x80\x03\x39\x2d\xf2\x75\xa7\xf1"
	"\xdb\xfe\xdd\x3e\xda\xf0\x79\x96\xfe\x80\xd3\xa0\xfb\x7e\x47\x27"
	"\x04\x08\x3a\x77\x50\xed\x29\x07\xbe\xa2\x15\xad\x02\x85\x81\x29"
	"\x6c\x95\x93\x3e\x79\x5c\x33\xc2\x94\x2f\xf6\xe0\x0d\x17\x41\x1d"
	"\xe6\x50\xbe\xca\x35\x46\x1b\x20\x7c\xc4\x3f\x01\xda\x97\x4c\x19"
	"\xe4\x01\xa1\x33\xea\x87\x8f\x4c\x33\x43\xf7\x6f\xde\xda\x83\x46"
	"\xa5\x1b\x34\x5e\xd5\x04\x1d\x5c\x24\x6c\x80\x33\xe3\x18\x17\x82"
	"\x15\xc8\x73\xd9\x77\x64\x57\x85\x53\x84\xd0\x66\x37\xd0\x43\x32"
	"\x8c\x62\xbc\x45\xb9\x33\xee\xd6\xf0\x89\x42\x7a\x4b\xcf\xb3\xcf"
	"\x1b\x0d\x80\xd4\xcf\x2f\xf5\x61\xd5\xb5\xd5\xcb\xc3\xfa\xb0\x2e"
	"\x15\x69\x10\xde\x2b\xc8\xac\x94\xbf\x7a\xed\xfd\x2a\x88\xd1\x9f"
	"\x95\xa7\x9b\xde\x4d\x75\x18\x1d\x92\xa1\x2f\xb6\x4e\x75\x9e\x22"
	"\x36\x10\x16\x45\x63\x10\x61\x8f\x16\xdc\x48\xed\x9e\xa7\x18\x26"
	"\x21\xd9\x16\xf8\x1d\x18\xe0\xb5\xcf\x7f\x61\x6e\x11\x33\xa6\x75"
	"\x92\xbd\xc3\x48\x1b\x33\xac\xb3\xb5\x22\x9f\xa3\x51\xd0\x25\xee"
	"\x28\xdb\x8c\x4d\x2e\xb6\xd9\xc0\x2f\x0e\x0d\x5e\xcf\x5e\xc9\x83"
	"\xbb\x66\x94\x31\xca\x1c\x63\xbb\x8e\x2c\xc3\xcd\xff\x4d\xb2\xed"
	"\xb8\x03\xd3\xa7\xd0\x24\x57\xd4\xdc\x1f\xa7\xb7\x7f\xbf\xbe\xfd"
	"\x85\x8a\xe0\xbf\xce\x44\x20\xa8\x25\xca\x2f\x27\x48\x7d\xee\xeb"
	"\x1b\xaa\x4a\xc6\xea\x0d\x96\x1a\xbc\x01\x73\x2a\x11\x78\x37\x5b"
	"\x07\x92\x5e\xc1\x25\x13\xf0\x57\x59\xac\x33\x82\x69\xc5\xce\x46"
	"\x22\x44\xd2\xa7\x2f\x48\x12\xd1\xa3\xa2\x54\x0c\xa4\x39\xdb\x46"
	"\xc2\x4e\xf7\xd6\xe6\xdc\x29\x12\x3a\x29\xd9\x2e\x69\xd2\xb0\xc8"
	"\x78\x3b\x97\x37\xe6\x20\xbd\x32\x90\xa0\x9e\x51\x2b\x3a\x98\xb1"
	"\x20\x28\xa1\x86\xef\x6a\x82\x86\xb1\x45\xe2\xdf\x48\x4e\xda\x7b"
	"\x59\x11\xec\x1a\xe3\xe6\x2e\xa2\x47\x10\x93\x6a\x7e\x5e\x0c\x6f"
	"\xc6\x13\xd7\x8d\x8a\x76\x85\x42\xe8\x06\x54\x55\x18\x58\xa0\xa1"
	"\x50\x86\x10\x9a\x5c\x35\x36\xa3\x7c\x9c\xf9\x86\x14\xef\x19\x6e"
	"\x74\xb7\x7d\x3f\x2b\xcc\x3c\x67\xea\x3e\x4f\xd1\xf7\x0c\x4e\xdc"
	"\xfd\xc0\x90\xd3\x3d\x8f\x09\x89\x33\xda\xc5\xf6\xc5\x59\x4e\xb5"
	"\x27\xe9\xf5\x16\x7c\xfa\x92\x6e\xce\x4c\x09\x1a\x26\x60\x19\xb2"
	"\x0d\xf5\xfd\x3b\xd8\x00\x6b\x0f\x34\x15\x4d\x75\x60\x37\x14\x64"
	"\x87\xc6\x02\x96\x9a\x30\x60\x0f\x51\xef\xb2\x3c\x1f\x74\xa1\xcb"
	"\x3e\x5f\xe4\xe4\xad\xb6\x81\xc9\x63\x79\x85\xa5\x90\xbe\x63\x47"
	"\xd2\xdd\x80\xec\x6a\x9d\x4c\x2f\xa6\x19\x3f\x98\x46\x4e\xa5\x5d"
	"\x8b\x47\xc1\xe5\x11\x98\x4e\x9e\x26\x0d\xcb\xf0\xe4\x6d\xe6\x7f"
	"\xf5\x06\x99\x68\xee\x04\x50\xa9\x36\x82\xce\x10\x6a\xa7\xe1\xb9"
	"\x23\xcd\xb3\xca\xba\x98\xe7\xb4\x81\xad\x2a\x2f\xd2\x35\x74\xde"
	"\x43\xda\x6f\x95\x8a\x29\x83\x7a\xd7\x81\xaf\xa1\xa5\xb3\x82\xea"
	"\x68\x9b\xb0\xe5\x63\x6f\xc8\x8c\xff\xf1\xd6\xfc\xca\xad\xf2\x3f"
	"\xde\xfa\xfe\x7f\xf7\x9c\xa0\xad\xa4\xa0\x85\xa1\x22\xde\xf0\xdc"
	"\x53\x0a\xb0\x65\xe6\x51\x2e\xcd\x18\x4e\x2a\xb0\xd0\x38\x77\x71"
	"\x46\x9f\x32\xb3\x68\x45\xce\xc3\x3a\xd0\x16\x58\x1e\x98\xf4\xd1"
	"\x98\xe2\xe2\x02\x6c\x10\x8a\x06\xcd\x4a\x77\x62\x00\x3a\x94\x27"
	"\x4d\x7a\x82\xc4\xc8\xaa\x50\x96\xf7\x42\x47\x72\x74\xb7\x73\x0e"
	"\x72\x68\x48\x7a\xc8\x8e\xf6\xf1\x80\x02\xe5\x7c\x8b\xf6\x4e\x54"
	"\x75\x01\xc6\x8f\xfc\xfd\xe8\x6c\x80\x40\x96\xb0\x7b\x18\x81\xd7"
	"\x40\xb7\x87\x31\x2e\x1d\x44\x21\xd1\x7f\x1e\xee\xeb\xb4\x4c\xd6"
	"\x30\xa9\x7a\x7d\x79\x1e\x24\x41\x43\x02\x7e\xf9\x80\x1f\x5e\x5e"
	"\x5f\x4e\x3f\x0c\xbe\x53\x74\xb9\x51\x4e\x6f\x53\xff\x87\xff\xe9"
	"\x5d\x8a\x2b\xa3\x43\x21\x8d\xe0\x0f\x43\x99\x62\x25\xfe\x75\xfa"
	"\x7d\x3a\xf5\xbc\x70\x33\x9d\x3a\x90\x3a\x44\xc1\x77\x6f\xda\x09"
	"\x53\x90\x17\x30\xa2\xd1\x8d\x03\x19\xd9\x37\xbc\x22\x0d\x98\x14"
	"\x4c\x1d\x01\xb4\x9b\xea\xf6\xc8\x12\x13\xb4\x71\x60\x08\xcb\x7d"
	"\xc7\xef\xa5\x67\xcc\x37\x30\xb3\x39\xaf\x98\xcd\xb1\xe7\xc8\xa2"
	"\xad\xdc\xd5\x55\xee\x81\x2c\xe2\x91\x39\x3e\x09\xca\xf1\xd5\x45"
	"\x83\x88\xe5\xa5\xc7\x61\xc4\xa3\xb0\x59\x6c\x2f\x4b\xf2\xc0\xa5"
	"\xdf\x1a\xeb\x5b\x9b\x54\xb1\xe1\xe2\xdc\xd3\x13\x1a\x26\x47\xc1"
	"\xcf\x11\x58\x5a\x06\xd1\xcb\x51\x9b\xe0\xb8\xbd\x36\x4e\x7c\x19"
	"\x28\x63\x48\x57\x6d\xe5\xde\x87\x07\x3a\x5c\x84\xf8\x78\xcf\x28"
	"\x54\xa5\x35\x01\x90\xec\x3c\x04\xea\x9d\x9f\x6c\xb1\xe7\xba\x08"
	"\x0c\x49\x52\x6f\x84\xf1\x19\x4d\xf9\x27\x1f\x7f\x7f\x3d\x4d\x7e"
	"\xfc\xfc\xf4\xfe\xe7\xbf\x26\x1f\x0f\x5f\x41\x3b\x0f\xc2\x9f\x8b"
	"\x2c\xf9\xa9\xfd\xb2\x33\xe5\xb1\x30\xbe\x2d\xd8\x15\x3a\x95\xf0"
	"\xda\x69\xc4\x99\x20\x00\x97\x5c\x0b\xe7\xf3\x44\xbc\x86\x8b\x98"
	"\x38\xed\x52\xdf\x8d\xbd\x5f\xb2\x94\x88\x2c\xa5\x20\x96\xf8\x0c"
	"\x5d\xb1\x08\x30\xae\x55\xb3\xbe\xb4\x95\x27\xcf\x3c\xa9\x26\x55"
	"\xb3\x7a\x22\xe7\xc3\x16\x37\x21\x9b\x60\x0c\xc1\xd5\xdf\x23\x20"
	"\xc1\xc4\x35\x90\x98\xaf\xe1\x1f\x07\xa6\xc8\x9d\x5d\x14\xb7\x59"
	"\x31\x06\x9c\x31\x82\xe5\x2a\x89\xa4\xe2\xd4\x2a\xa9\xba\x45\x80"
	"\x81\xbc\x21\x73\x2e\x37\x62\x17\x84\xbd\x31\xa0\x13\x5b\xe6\xd0"
	"\xfe\x78\x28\xd1\x2c\xf6\x18\xc0\xcb\x2f\x18\x6a\x62\xa0\xb4\x3b"
	"\x14\x68\x4e\x4b\x9e\x35\xe6\x85\xe7\xe3\x8a\x8d\x68\x4e\x1f\x8d"
	"\xb4\x5d\x6e\x38\xe4\xc1\x4f\x87\xfd\x29\x4a\xa3\xa2\x80\x99\x08"
	"\x89\x4d\xed\x0e\xbf\x90\xa7\x3c\x1a\xaf\x90\xc7\x9a\x6f\x53\x5c"
	"\x0b\xb6\x30\x95\x43\xa7\x05\xad\x67\xcd\x65\x1f\xa3\x2a\x55\x1b"
	"\x68\xf6\x2b\x4e\xec\x75\x31\xfb\x95\xa5\x19\xdc\x07\xf5\x48\x7f"
	"\x80\x12\x6b\x1a\x74\xd7\xc0\xd1\xbd\x42\x2d\xac\x9c\xd1\xc0\xd0"
	"\x31\x40\x33\x81\x6a\x2b\x2c\x1b\x84\x6a\xab\xc2\xab\xe4\x48\xd9"
	"\x6e\xeb\x0e\x4c\x5a\x2d\xd3\x42\x1b\x49\x7e\x42\xb0\xd3\xab\xc5"
	"\xcb\x41\x4c\x1f\x26\xca\x8b\x40\x76\x9d\x08\x5a\x99\xb9\xdf\x27"
	"\x66\xe2\x2e\x82\x52\x23\xd5\x6b\x36\x3c\xeb\x65\xa8\x97\x34\xdd"
	"\x55\x13\x96\x32\xbc\x75\xc5\x1f\xf6\x19\x0b\x1e\x50\x6d\x3d\x30"
	"\x42\x3e\xd6\x1b\xeb\x59\xbc\x7a\x83\x3e\x29\xd8\x47\x77\xdd\x10"
	"\x1b\xb5\x48\x59\x2e\x76\x99\xec\x15\x48\xee\x78\x8a\xcb\xc9\x81"
	"\xa3\x7a\x44\xd1\xf1\x62\x41\xfa\xf5\xda\x15\x46\x05\xa3\x44\x18"
	"\x84\x92\xf0\x69\x05\x29\xae\xa7\x94\xec\x3e\x2a\x32\x32\x57\xf4"
	"\x34\x45\x27\x11\xba\x5d\x7a\xd1\x1d\x5a\x91\x8e\xaf\xd3\xab\x87"
	"\x4d\xcc\xec\x9c\xe4\x97\xdd\xbb\x51\x9b\xcd\x86\x7e\x63\x9e\x62"
	"\x63\x35\xd3\xf7\x35\xa1\xd6\x0f\x95\x23\x87\xa0\x10\xa8\xed\x6c"
	"\xc9\x70\xe5\xed\x9b\xd9\x61\x4d\x21\xce\x67\x46\x1a\x79\x1d\x0a"
	"\x86\x1e\xa8\x3a\x42\xd6\x59\xaa\x0c\x1e\x75\x1f\x6a\xa6\x25\xa2"
	"\x7b\x67\x46\xb4\xf5\x26\x78\x7b\xdf\x75\xa2\x8d\xc6\x34\x74\x4c"
	"\xe1\xdc\x0c\x71\xd8\xc4\x5e\x6b\xc7\x72\x96\x86\xc4\xc0\x40\xbb"
	"\x0c\x33\x9e\x1b\x4e\xb2\xc6\x44\x71\x49\x74\x4c\x8c\xd1\x27\xd8"
	"\x02\x81\xa6\x6e\x9b\xaa\xf8\x66\x10\xe6\x5a\x46\x14\xb7\x33\x0b"
	"\xfa\xe1\x45\xdb\xf0\x13\x15\x25\xc1\xe8\x34\x44\xfc\xa0\x2d\x11"
	"\x14\x1e\x5e\x24\x22\x32\x92\x70\xb3\x39\xa0\xc4\x18\x3a\x92\x8c"
	"\x95\x85\xc2\xf3\xce\x20\xb6\x56\x88\x2c\x0d\xe3\x01\xf8\x59\x1f"
	"\x54\xb3\x15\xa0\x12\xd6\xd6\xdb\xea\x43\xa4\xdc\xb8\xfa\xa1\x38"
	"\xa8\x40\xe7\x69\xdc\xbb\x16\xd6\xca\x18\x46\x63\x6b\x89\xec\x3f"
	"\x9b\xe4\xe9\xe1\xd3\xfb\xc7\xdb\xd3\xef\xdf\x90\x66\x5a\xfc\xe7"
	"\xe9\xe3\xf1\xcb\x84\xbd\x3d\x7e\x79\xfa\x38\x3d\x7e\x7c\x7b\xb3"
	"\x06\x56\x8c\xf0\x08\xbd\x57\x86\xcb\x5a\xc3\xb3\xc6\x85\xaa\xd3"
	"\x51\x31\x51\x07\x45\x6a\x1b\x42\xa5\x05\x09\x6e\x56\xa0\x51\xec"
	"\x8d\xa5\x30\x5c\xae\x19\xc5\x72\xde\x64\xac\xee\xa6\x68\x2b\xa3"
	"\x2e\x0a\x43\x27\x15\x91\x23\xbb\x1d\x47\x85\x34\x72\x96\x29\x0b"
	"\x64\x64\xd5\x62\xf2\xdd\x1d\x68\x97\x1d\x95\xe3\x08\x29\x3d\x43"
	"\x1b\x34\xe4\x57\xd6\x42\xbd\xeb\x43\x7d\x28\xc4\xf9\x04\xd3\xe9"
	"\xa8\x96\x2c\x09\xfb\x4f\xb6\x32\x18\x8e\x29\xe8\x0e\x34\x40\xae"
	"\xa6\xb3\x8a\x14\x43\x7b\x2c\xab\xca\x29\x5f\x2d\x5d\xf2\x22\x63"
	"\x61\x90\x25\x24\x20\xe0\x01\x0b\xe9\xe2\x05\x8a\xd1\x9e\x96\x87"
	"\x0c\x3a\x96\x23\xfb\x30\x5f\xcd\x56\x37\x2b\xb7\x7c\xb1\x24\x2e"
	"\x6e\x37\xbc\x8a\x54\xdd\x1a\x7a\x7d\x80\x76\x22\x64\x8e\xb8\xdc"
	"\xc4\x75\x75\x64\x77\x24\x24\x86\xfe\x14\x49\x6f\xea\x79\x01\x8d"
	"\xc1\x98\x98\x84\x2c\x61\x05\x68\x95\xf1\xa8\xdc\x9b\x6e\x69\x0c"
	"\x0f\x8a\x28\x76\x8a\x33\xe5\xa0\xe8\x44\x08\x74\x36\xa0\x10\xa9"
	"\x3a\x49\x61\xf4\x4b\x3e\x39\x1f\x2f\x22\x8c\x5a\xb1\xa7\xe5\xa0"
	"\xe4\x39\x4b\x28\x12\x41\xd7\xaf\x90\x91\x37\xad\x72\x22\xd4\x1c"
	"\x6c\x2e\x22\xc9\x03\xba\x95\x0f\xa8\x71\x20\x47\x37\x21\xaf\x78"
	"\xcc\x53\x98\x81\x60\xf4\xfa\x05\xfe\xed\x6a\x84\xbd\x58\xdd\xde"
	"\xce\xad\xe1\xd6\xf2\xbc\x73\xd7\x0f\x3f\xea\xb5\xc0\xe1\xd4\x4b"
	"\x04\xed\x22\xd6\x77\x1c\x9d\x44\x6d\x22\x65\xa6\x25\x79\xde\x43"
	"\x29\xb5\xcf\x0c\xd8\x08\xc9\x99\x81\x92\xe6\xeb\xb2\xd8\xef\xa5"
	"\x5c\xb6\xff\x9d\x24\x15\xa9\x4f\x4a\x63\xe8\x88\x98\xdb\x0e\x98"
	"\x44\xbc\x0b\xcc\xbb\x78\x1d\xf0\x58\xf9\x3d\xf6\x2d\x31\x02\x26"
	"\x03\xd2\x0a\x64\xcf\x8e\x54\xcc\x2a\x75\xcb\x1e\x6d\x99\x20\x8c"
	"\xae\x50\x5e\xc8\x78\xe5\xcd\xa9\x3b\x7a\x2d\xf5\xfb\x05\x02\x5d"
	"\x64\xb9\xb2\xb2\xde\xa1\x14\xfe\x18\x41\xd5\xce\x5f\xc7\xaa\xd5"
	"\xca\x5b\x56\x94\xe0\xb6\xf6\x96\x2b\x36\x94\x06\x61\xa0\xd6\xda"
	"\x7e\x21\x1a\x59\x1d\x45\x09\x51\x90\x33\x22\x0d\x12\xdb\xc3\xbb"
	"\x12\xaa\x8e\x9f\x11\x64\x0d\x9d\x73\x49\xd6\xdc\x0d\x0a\x93\xdb"
	"\x05\x11\x2b\xeb\x0c\x11\xc5\xed\x72\x3a\x1d\x83\xac\xc6\x20\x30"
	"\xca\x97\xf3\xaa\x1a\x05\xdd\x8e\x81\xb6\xf1\xc2\x9f\x32\x47\xf5"
	"\xa5\x38\x69\xaf\xa6\xb6\xea\xc3\x25\x61\xed\xcc\x3d\x09\xc4\x72"
	"\x35\x73\x7f\x4b\x01\xda\xb9\xa8\x77\xf6\x68\x21\xdd\xea\x47\x27"
	"\xd5\x48\x0e\xc8\xdc\x87\x90\x7e\x59\x15\x81\xd9\x9c\xe2\xb1\x51"
	"\x88\xd4\x5f\xfa\xd4\x10\x58\x47\xf1\xbe\xbb\xcd\x57\x0f\x14\x89"
	"\xba\x84\xea\xbf\x2a\xca\x45\x96\xfa\xab\xd5\x8a\x1e\xad\x81\xef"
	"\xdd\x4e\x1d\x9f\x7a\xcf\xca\xa2\x14\xd6\xbe\x5e\xad\xfc\x99\x37"
	"\xad\x5d\xa3\x1d\x71\x7b\x16\x27\xc4\xc9\xcb\x19\xf2\x09\xd6\xa0"
	"\xe3\x91\xd8\x50\x9c\x41\xb0\xaa\xcf\xbd\x8a\xee\xcf\x3c\xdf\xb9"
	"\x8a\x22\x78\x54\x14\x8c\xd4\xd2\x11\x72\x88\x17\x23\x3d\x3d\xd8"
	"\xdd\xfa\x53\x5b\x75\x21\x99\x43\x7f\x9f\xa6\xa2\x52\x1c\x43\x41"
	"\xc0\x61\x1f\x91\x86\x48\x79\x1a\x26\xb0\xc6\xf6\x78\x21\xce\x32"
	"\x73\xa7\x81\xb4\xe4\xf4\xbe\x0f\xa4\x8b\x7d\x3c\xf6\x36\x99\x74"
	"\xc3\xde\x76\x45\x67\x45\xd1\xd8\xad\x16\x41\xb2\xe9\xa9\xdd\x96"
	"\x47\x03\x2e\x82\xcc\x9e\xab\x52\xc6\x68\x51\x21\xb8\x71\x64\x8b"
	"\x23\x8f\xe5\x23\xaf\x6b\xb4\x2b\x43\x87\xe7\xeb\xa8\x90\xc4\x09"
	"\x72\x82\x4c\x28\x51\x35\x96\x6b\x13\x24\xca\x5e\xd8\x82\x99\x4b"
	"\xb4\x21\xd3\x7a\x12\x21\xec\xde\x9f\x74\x05\x42\xda\xd3\x25\x81"
	"\xbf\xbf\x0b\xd9\x60\x24\xde\x87\x9e\x3f\xf5\x46\xbe\x4c\xed\x40"
	"\xa2\x34\x65\xb6\x71\xac\x67\xbc\x23\xb9\xd3\x87\xdd\xad\x62\x92"
	"\x19\x06\xa9\x7b\x79\xf8\xfd\xf9\x34\x39\x3e\x61\x9c\xf2\x1f\xd3"
	"\xd3\xc7\x7f\x5e\xdf\xfe\x7c\x7a\xf9\x63\xf2\xaa\xc3\x3f\xff\x34"
	"\xf9\x78\x05\xf4\x69\xf2\xf1\xe5\x8c\xb2\x6c\x9d\xa8\x61\xcf\x45"
	"\x98\x5a\xe2\xa4\x7d\xfd\xf6\x41\xde\x6d\xa9\xf8\x31\x6d\xdd\xe9"
	"\x70\x32\xa6\xa7\x87\x4e\xdb\x6c\xd0\xce\x23\xd6\xa1\x58\x3b\xdb"
	"\x06\x94\xe1\x91\x01\xec\x95\x89\x8d\x05\x22\x44\xce\x0a\x11\xed"
	"\x13\xc2\x41\x5b\x83\x12\x06\x3b\xca\xaa\x0f\x52\x1f\x51\xbe\x9f"
	"\xde\x9e\xd1\xc0\xe1\xe9\xe5\xe3\xf4\xf6\xef\x87\x5e\x28\xcd\xe6"
	"\x79\x74\xaf\x77\x97\xe3\xb7\xec\xae\x07\x30\xc4\xd1\xa1\x17\xd4"
	"\xf5\x9c\x4c\xcd\x1f\x5a\xbe\x8f\xee\x30\xc2\xac\x74\x43\x14\xe5"
	"\x11\xd1\x3c\x54\xd0\xf0\xcb\xc3\xeb\xac\x77\xaa\x75\x4e\xab\x29"
	"\x47\xe7\x0e\x20\x9f\xcf\x89\xf5\xac\x07\xba\x1d\x01\xc9\x3d\x11"
	"\x1b\xf5\x02\xf9\x04\xba\x06\x11\xa4\xb3\x83\xf1\xbd\xc5\x08\x26"
	"\xc4\x99\x03\xe3\x84\x2f\x08\xba\xad\x0b\x32\xde\x8f\x16\x8a\x3c"
	"\x51\x31\x10\xaa\x1b\x47\x23\x59\xc9\x80\x2d\x6e\xbc\xc5\x28\x68"
	"\x75\xe3\x8d\xd4\xb8\xee\xed\x23\xdf\x96\xac\x66\xfe\x6c\x1c\x33"
	"\x9b\x8d\xbd\xab\x5a\xce\xe6\x23\xad\x0b\xaa\xde\x08\x20\x2f\x3c"
	"\xdf\x73\x63\xd2\xe8\x28\x09\x33\xc0\x0b\x26\xcb\xa3\x14\x8f\x78"
	"\x47\x5e\x27\x58\x22\x4a\xe2\xc0\xac\x05\xc9\xec\xc8\x8e\x44\xfc"
	"\xe6\x16\x55\xa6\xa3\x9d\x24\x83\x79\xe7\x66\xa4\x5d\x13\x5f\xdb"
	"\x06\xf7\x6e\x08\x86\xc8\x6a\x7c\xa4\x04\x2c\xf7\xbc\x6a\xa4\x03"
	"\xac\xad\x11\x24\xda\x16\x91\x9d\x05\x34\x4b\x31\x9a\x2a\x2c\xac"
	"\xea\x26\x31\xcd\x54\xc8\xa2\xbe\x57\x80\x3c\x66\x76\x90\x2d\x5a"
	"\xb7\x91\x61\x86\x1b\xb8\x91\xfc\x5a\x8c\xad\xd4\x79\xa8\x03\x9f"
	"\xc5\x79\x81\xcc\x3f\x61\xcb\xb7\xa5\x44\xc7\x02\x73\x42\x5a\x84"
	"\x26\x8c\x9a\x69\x68\xa8\x7c\x3a\x6a\xaa\xe6\xe3\x2c\x45\xbb\x1a"
	"\xe5\x8f\x08\xaf\x87\x3d\xc6\x48\x5f\x76\xc5\x57\xeb\x2c\x27\xe4"
	"\x52\x01\x2b\x89\x90\xdc\xb4\x34\x3d\xa7\xc1\x6e\x84\x51\x3c\x49"
	"\x2d\x66\x16\x8e\x00\x42\xee\x06\x04\xd9\x9a\xb8\x6e\xbb\x40\xb6"
	"\x1b\x7f\x3f\x82\x28\x78\x3e\x8e\xa8\x93\x31\x50\xc9\x61\xf2\x4c"
	"\x88\x20\xd5\x17\x98\x52\x5f\x59\x30\x82\x12\x3c\x8c\x8e\x3c\x0d"
	"\x09\x0b\xf1\x0b\x4e\x26\xc4\xda\xd7\xbe\x6f\x93\x15\x84\x17\xcf"
	"\x05\x73\x64\x45\xc1\xb3\x91\x57\x25\x6c\x0b\xda\x33\xa1\x77\xb5"
	"\x05\xcf\x59\x10\x65\xc5\xfa\x0a\xd4\x9a\x11\x77\x30\x2d\x0c\x0d"
	"\xbc\x47\xab\xe0\xc8\x43\xf8\xe1\x06\xdd\xef\xa2\x74\x57\x8e\x74"
	"\x15\x26\xe6\x53\xcf\x73\x63\x50\x7d\xea\x79\x56\xf5\x21\x55\xce"
	"\x3a\xe6\x0b\x46\x32\xe8\x90\x94\xa4\xd1\x38\x87\x6f\xcc\x85\x92"
	"\x53\x21\x87\xf5\x58\x54\xde\x27\x92\x1c\xaa\x6a\xca\x16\x41\x11"
	"\x45\xe6\xbd\x55\x9b\x8c\xd3\x81\xed\xa2\xab\x83\x18\x06\xc0\x51"
	"\xa4\x58\xb1\x79\x2e\xd5\xcb\x13\x63\xe7\x66\x14\xe3\x7f\x1f\xbb"
	"\xc9\x02\xdc\x12\x05\xbb\x9a\x30\x6b\xea\x3e\xb0\xb9\x02\xa3\xac"
	"\x8f\xa5\xe7\xcd\xbd\xeb\xa0\x22\xae\x16\x44\x60\xf2\x3e\x36\x95"
	"\xb3\xc5\xf7\xef\xdf\xaf\x2c\xc2\x6d\x55\x81\x9a\x72\xc5\x37\xcd"
	"\x2b\x7f\x71\x25\xac\x3e\x96\xd5\x96\x5d\x59\x80\xf9\x82\xd0\x7f"
	"\xbb\xd0\x1d\x47\x4b\x53\x2a\x72\xc5\x10\x89\xa7\xf8\x78\x9c\xb5"
	"\x5a\xae\x6e\x73\xaf\x5e\x79\xab\x79\x3e\xbb\xb6\x46\x3c\xef\x1f"
	"\xf6\x89\xcd\x2e\xbc\x3a\x6f\xc2\xc1\xde\xa8\xc4\x73\xc6\xa3\x48"
	"\x24\x24\x94\xa2\x3e\xcc\x7d\xaf\x3f\x0c\xd5\x06\x06\xbb\xc2\x62"
	"\x09\xb5\x66\x89\xbc\xae\x1d\xa9\x36\x47\x58\x3e\x6a\x3b\x6d\x9a"
	"\x31\xc4\x0a\xd0\x0c\x0b\xc9\x23\x41\x0d\x29\xa3\xe2\x47\x4b\xce"
	"\x42\xb1\x5c\xdd\x2c\xae\xc0\x2d\x57\xcb\xe5\x75\xb0\xdb\x71\x58"
	"\xe1\x4d\xa1\xaa\xae\xe9\x47\xea\x60\xa9\x4e\xaa\x2b\x3e\xa5\x84"
	"\xed\x09\xaf\x02\x5e\x8c\x42\xd7\xa5\xef\x4d\xbd\xf1\x8e\x88\xb5"
	"\x88\x1e\xd4\x3c\x48\x57\x33\x6f\x7c\x78\x04\x77\xab\x40\x26\x5b"
	"\xcf\x9b\x5e\x01\x95\x52\xe4\x34\x7b\xe6\x10\x7b\x73\x1d\x18\x49"
	"\x22\x73\xc2\x18\xc8\xe8\x27\x2c\xc9\xc5\x8e\x5f\x91\x63\x14\x49"
	"\x3e\x0e\xda\xb2\x98\x55\x57\xc2\x5c\x8e\xe5\xc6\x08\x2c\x7f\xe3"
	"\x52\x94\xa3\xb8\x6d\x96\x85\x7c\xfc\xe5\x3c\xe6\xd0\xee\xe3\xb8"
	"\x6d\x99\xde\x5f\x51\x2d\x7b\xb9\xf1\x3d\x7f\x7c\x50\x44\x94\x4e"
	"\x64\x82\xc6\x9b\xec\xc8\xf0\x42\xfc\xb8\x9a\x4e\xbd\x2b\xb1\xd7"
	"\x8c\x30\x98\x2e\x3c\x6f\x75\x45\x96\xb0\xf9\x9d\x4f\xa7\x57\x2c"
	"\x7e\x89\xf0\xbc\x9b\x71\x58\x14\x6f\x18\x6c\x45\x78\x7e\x05\x56"
	"\xfd\x18\x6f\xe0\xa4\x5a\x94\x31\xe8\x06\xe3\x5f\xcd\xd3\xa8\xe2"
	"\xe3\x55\x9e\xec\x97\x9e\x3f\x8a\x82\xcd\x7a\x82\xbe\x80\xe3\xad"
	"\x1c\x4a\xb5\x36\x4f\xc7\x67\x5c\xf5\xff\x82\x24\x45\x1a\x40\x61"
	"\x33\x30\x5e\xce\xeb\xa6\xc7\x63\x28\x95\xe9\xc7\x35\xbd\x47\x5d"
	"\xdc\x66\x49\x9e\x09\x2e\xa3\xeb\x4a\xca\xa5\x7f\xc5\xdc\x2b\x31"
	"\x14\x29\x4c\x13\xd9\x35\x48\x7f\x3a\xbd\xb9\x12\x37\xbf\x12\x37"
	"\x3e\xae\x8b\xe4\x1a\x2d\x54\xf0\x38\x62\xe1\x15\x30\x71\x55\x7d"
	"\x0b\xe9\xf9\x33\xff\x0a\x58\x72\x8d\xfa\x2b\x4a\xe5\x2d\x32\x23"
	"\x37\x0f\x06\xb8\x5a\x2d\xe6\x57\x54\x73\x2e\x16\xf3\xe9\x72\x7c"
	"\x9a\xbd\x8f\xe4\xc2\xf7\xc7\x7b\xc2\x3d\xbd\x41\x35\x9a\x23\xdb"
	"\x25\x7a\x65\xf7\x67\x23\x5a\x94\x72\xb4\xc1\xdf\x1d\x17\xcb\xe1"
	"\x7a\x02\x7a\x62\x75\xbb\xba\x5d\xd4\x7b\x6f\xd1\x21\x19\xa0\x71"
	"\x3a\x58\xe5\x55\xd0\x6d\x24\x4c\x3b\x7b\x07\x56\x66\x59\x2c\xba"
	"\xd6\x9f\xc7\x46\x69\xc4\x48\x53\xcd\x61\x93\x25\x97\x8a\xb3\x2c"
	"\xe1\x3a\x69\x60\xd6\xdf\x1c\xdf\x70\x11\x0c\x8f\xf2\xd9\x71\xb5"
	"\xb8\x5d\x22\x7b\xb3\x74\x1e\xfe\x80\xb2\xe7\xdd\x54\x2e\x80\xd2"
	"\xdd\x02\xc8\x87\x9c\xbd\x35\x70\x9d\xb0\x9e\x71\x46\xff\x76\x61"
	"\x56\x4d\xa1\x6d\x25\x75\x6e\xda\x7c\x4e\xc2\x56\x37\xce\x7c\xb6"
	"\xb9\xcf\x9c\x62\xb4\x1e\x8c\xa2\x9c\x38\x52\xe8\xa0\x30\x34\x92"
	"\xeb\x34\xbc\x03\x0d\x23\xf4\xc4\x2c\x9c\x15\xc5\xeb\x02\x4f\x86"
	"\x22\xdf\x7d\x3f\x22\x72\x96\x36\x48\x17\xb0\x92\xbf\xdd\x3a\xe4"
	"\x8a\x0f\x23\x61\xce\x3c\xee\x22\x46\x3a\x5e\x69\x44\x90\x78\x53"
	"\xd7\x5b\xd0\xa2\x38\x46\xd7\x06\x4b\x4f\x32\x80\xe5\xf9\x82\xcd"
	"\x52\x79\xae\xaf\x08\x36\xab\xf9\xf2\xc6\x85\x38\x26\xe3\xad\x89"
	"\x20\xe5\x5f\x3c\xd6\x8c\x78\xa8\x51\x60\x24\xdb\xd1\xd6\x0c\xab"
	"\x78\xe6\x1c\x18\x3c\x11\x50\xfc\xd2\x59\xb9\x6c\x46\xe9\x5a\x1a"
	"\x11\x16\x07\x7f\x31\xad\x9a\xca\x15\x63\xc8\xc5\xfc\x6a\xe4\xd2"
	"\x86\xa4\x67\x88\x66\x7a\x54\x7b\xda\xcd\xd3\xcb\x1f\xa7\xb7\xaf"
	"\x6f\x4f\x2f\x1f\xc3\x7b\xd4\x4d\x1e\xd4\x1b\x75\x5e\xa7\xbc\x36"
	"\x7b\xb4\x7d\xad\xc0\xee\xb6\x64\x00\xa2\x18\x5d\x38\x7f\xd8\x6e"
	"\x60\x57\x96\x5c\xa6\xf0\x66\xde\x84\x09\xa7\xf7\x9e\xd6\x54\x5c"
	"\x23\x3a\x52\xcb\x37\x36\xa0\x26\x34\x23\xd2\xda\xe0\x9b\x60\x6f"
	"\xbf\xf8\xa1\x9b\x53\xa8\xe6\xe8\x85\x25\x10\x99\x99\x0f\x54\x8f"
	"\x25\xec\x60\x91\xf0\xe1\x86\x4e\xd5\xe1\xee\xe1\xed\xb3\xf2\x3d"
	"\xe7\xbf\x64\x93\xb3\x9b\xdd\xd9\x9e\x0e\x15\xa2\x8e\xc9\x31\xfe"
	"\xc4\xbf\xfb\x9e\xa4\x5a\xc0\x92\x35\xdb\x13\x4c\x31\x1a\x11\xf3"
	"\x75\x2e\x7c\x07\xa0\x60\x47\x87\x14\x8f\x47\x0a\x56\xbb\xb3\x00"
	"\x69\x42\x39\x05\x35\xd9\x14\xc1\x48\x1e\x2c\x1f\x29\xa7\xbe\x9c"
	"\x14\x94\xf1\x13\xa9\x47\xe2\x12\x6a\x65\xb7\x0b\xbe\x3c\xbc\x3d"
	"\x3c\x7e\x9c\xde\x1a\xb3\x80\x4e\x23\xf4\x4c\x1f\xad\xcc\x54\x65"
	"\xca\x61\xf1\xae\x73\x79\xd7\xe5\x83\x54\x1e\xf1\x64\xa2\x0e\x96"
	"\xf8\xab\xb7\x30\x3f\x8e\xc5\x75\xaa\x5d\x39\x43\x56\xd8\x17\x1b"
	"\x50\x19\x04\x71\x76\x58\xa8\xd8\x34\xbd\x99\xfc\xfc\xea\x10\xd6"
	"\x7f\x15\x29\x16\x99\x7a\x7a\xae\xf4\x89\x69\x6f\xd8\x84\x2e\x79"
	"\x7b\x7a\x78\xee\x98\x5b\x98\xc5\x8c\x58\x11\xdf\x05\x59\x6a\x76"
	"\x50\x10\xac\xfc\xf9\xd4\x9a\x08\x2f\xca\x8b\x48\x87\xb2\x41\x8e"
	"\x94\xcc\x24\x02\xef\x22\x37\x78\x2f\x62\xfb\x8a\x2e\x68\xe0\x02"
	"\x6e\xbc\x2b\x61\x76\x41\x5a\x28\x07\x72\xf1\xab\x6f\x93\x16\xd0"
	"\x28\x3c\x89\x2e\x10\x6b\xe9\xa2\x4a\x46\x69\x48\xe8\x02\x5d\x20"
	"\x13\x79\x04\x1f\x7b\x28\x99\xd5\xa5\xdb\xf8\x62\x11\x53\x95\x11"
	"\x1e\x47\x5f\x54\x48\x7f\xb5\xaa\x46\x5e\x91\xc8\xc5\xdc\xe4\x78"
	"\x6a\xa4\xd9\xc6\xea\x5f\xaa\x4f\x33\x5f\x5f\x7e\xc6\xa7\x21\x45"
	"\x75\x07\xe5\x69\x62\x39\xd9\x6c\xb2\xc2\x59\x08\x32\xa3\xc2\x19"
	"\xf7\x51\x9e\x0b\x75\xee\x61\x68\x9a\x58\xa3\x8d\xf9\x8e\xe2\x9f"
	"\x6a\x1e\x48\x58\x35\xf3\xa6\xd3\x71\x48\xe5\x82\x60\x63\xc5\xbd"
	"\xfd\xad\x89\x08\x0c\x36\x84\x4e\xa2\x8d\xea\xaf\x11\x8b\x20\x48"
	"\x09\x3b\xf5\x0b\xc2\x5b\x70\xb1\xac\x9c\x85\x6b\x26\x61\xa4\xa7"
	"\x2a\xa9\xc8\x03\x26\x74\x0c\xc6\x37\xd5\xa2\x5a\x38\x2b\xad\xb1"
	"\x82\xcf\xc5\x68\x66\x8c\x20\x80\x6c\xc4\xd0\xc9\xeb\x38\x1f\xcb"
	"\x04\x7e\x45\x15\x52\x7d\x86\x7c\xcb\x03\x98\xae\x0a\x17\x1a\xdd"
	"\x53\xd7\x84\x31\x38\x4c\xde\x0d\x69\x84\xdd\x7d\xf9\x10\xd4\x61"
	"\x10\x90\x26\x6b\x3c\xab\x5d\x8e\x63\x3c\x87\x1d\xd7\x0e\x66\x6a"
	"\xbb\x57\xd8\xee\x08\x0b\x6a\x1a\x9a\xb6\x90\x97\x44\xcd\x37\x85"
	"\x01\x4e\xed\x73\x79\x0b\x1c\xba\x27\x0f\x20\x18\x2b\xa3\xaa\xce"
	"\x7a\x59\xe3\xa6\xfc\x68\x59\xd4\x3a\x74\x0d\x47\x0b\x59\x4c\x87"
	"\xe9\x0e\xfe\xe4\x09\xe5\x13\x11\xdf\xf5\x6a\xfc\x9c\x6b\x9e\x18"
	"\xae\x81\xf8\x1b\xaf\xb8\x37\x35\x65\x85\xa6\x10\x82\xdb\x8c\x3a"
	"\xce\xf5\xa4\xc2\x22\xa1\x35\x05\xae\x5b\xca\x64\x5e\xdb\x89\x19"
	"\x37\x2c\xe7\x26\xf1\x3b\x1e\x08\xf0\xa3\x56\xc6\x0d\x26\xdf\x1e"
	"\x26\xe3\x21\x16\x33\x77\x21\x98\xba\x03\xb0\xdd\x1a\x0e\xa4\x49"
	"\x79\xa9\x61\xc5\x00\xf4\xf5\xf9\xf4\x1d\x2a\x17\xcb\x11\x7c\x79"
	"\xfa\x6a\x9b\x14\xf1\x31\x56\xac\xb5\xc2\x02\xb9\xc3\x06\x12\x74"
	"\x51\x7b\x67\xd2\x6f\x70\xec\x83\x2e\x00\x8a\xd8\xf1\x8c\x88\x65"
	"\x70\x33\x23\x0e\x1d\xcf\x98\x3c\x60\xb7\xf3\x1b\xef\x0a\xcc\x77"
	"\x37\x86\xa7\x7d\x12\x94\x01\x86\xf2\xca\x43\x79\x18\x5d\x9b\x4b"
	"\x12\x57\x41\x1e\x87\x44\xe3\xec\xa2\x38\x47\xa2\xb7\x52\xf6\x5a"
	"\x9a\xc5\xdb\x4c\x93\x0b\x5c\x7a\xcd\x45\xe7\x5e\x7f\x7b\xef\xb4"
	"\x5a\xdb\xab\xfe\x7e\xff\x38\xfd\x35\xf9\x1d\xa4\x8d\xf2\x33\xf9"
	"\xf1\xaf\xd7\xf7\x8f\xe7\xbf\x27\xa7\xbf\x7e\x3f\x7d\xfe\x7c\xfa"
	"\x3c\xf9\xa5\x41\xfd\x0c\xcb\xe3\x23\xb4\xfe\x4f\xfd\x66\x0f\xa0"
	"\xaf\x52\x7c\xa9\x4a\x8e\x7e\x8b\xce\xc6\x0e\x23\x8c\x7f\x7d\x64"
	"\xb0\xac\xd8\x56\x67\x03\x1b\x25\xd1\xc1\x27\xa5\xfd\xd7\x74\x6b"
	"\x56\xee\xfb\xa3\x20\xcd\x12\x16\xf2\x3d\x99\x5b\x46\x9b\xaa\xa1"
	"\x18\x7a\xcd\x78\x79\xf3\x0a\x40\x01\x27\xe5\xc5\x7e\x46\xf7\x71"
	"\x98\x2e\x24\xe1\xea\x8b\x62\xbd\x5a\x0d\x2d\x8d\xbf\xc3\x54\xf8"
	"\x02\x1a\x0c\x60\x7e\x11\x09\xb6\xfd\xc3\xe7\x87\xaf\x6a\x7e\x1c"
	"\x5a\x14\xab\x06\xe0\x19\xda\x3f\x97\x3e\xfd\xae\x9c\x15\x9a\x98"
	"\x9d\x3c\xba\x57\x5f\x93\xad\x33\xb9\x29\xef\xef\xeb\x4c\x98\x11"
	"\x0f\x0d\x98\x64\x99\xa8\x41\x17\xa7\x01\x3c\x45\x7b\xb0\x35\x11"
	"\x25\xab\xfd\xb0\x4e\xd7\xed\x7f\x94\x90\x44\x64\x6b\x25\x8c\xd9"
	"\x21\x72\x74\x48\xa4\x68\x20\xef\x25\x5b\x08\x8e\xb9\x11\x88\x7d"
	"\xfd\x10\xb9\x11\xfd\x14\x09\x66\x28\x1a\x09\x94\xe9\xb0\x7f\x17"
	"\xba\x9a\x9c\x4f\x92\x87\x77\x6c\xd0\xe0\xf5\xe5\xe3\xed\xf5\x19"
	"\x99\xdc\xc2\x61\x35\x28\xde\x1a\xa5\x1c\xd9\xf5\x0a\x14\x57\x9a"
	"\xde\x06\xa6\x6b\x9e\x46\x24\xcc\xe5\xc2\x8c\x72\xd7\x24\xa0\x3f"
	"\xee\x3c\xc4\x49\x08\x39\x45\xa0\x10\xf5\xa9\xde\x61\x7e\xb7\x7a"
	"\x40\xdf\xaf\xaa\x7e\x85\x66\xba\x1f\x91\x79\x82\x5a\xee\xfb\xb4"
	"\xb4\x62\x3e\xfa\x09\x13\x63\x17\x21\x67\x87\x4e\x12\x00\x8a\xee"
	"\x8a\x8b\xc5\x94\x7e\x4b\xd5\x0f\xce\x6b\x4a\x07\x03\xdc\x10\xdf"
	"\xdf\xa5\x9f\x92\xbc\xde\x7e\xb2\x19\x67\x60\x5a\xfe\xf6\xfa\xf1"
	"\xfa\xf8\xfa\xdc\xf4\x96\x41\xdf\x80\x3f\x94\xba\x82\xe2\x38\xcb"
	"\x72\xc5\xad\xd6\x27\x13\x35\x50\x32\x8e\x16\x7e\x35\xa5\x2b\x81"
	"\x1c\x6a\xaa\x63\xe8\xe0\x8f\xd6\x86\xed\x87\xbe\x85\x84\x8d\xa1"
	"\x62\x0a\x7b\xdb\xe4\xf9\x90\x9b\x35\x97\xf9\xe4\xf1\xf9\xf5\xf1"
	"\x4f\x9b\xf6\x02\xc2\xda\x9b\xaf\x56\x18\xe2\xcf\x64\x08\xed\xba"
	"\x6e\x68\xcf\x78\x45\xb6\x98\x46\xf2\x98\x15\xca\xd5\x57\xd3\xa4"
	"\x4a\x96\x20\xed\x66\xd7\x87\xe3\xe1\xf3\xe7\x27\xf4\xec\x80\x89"
	"\x58\xbd\xf8\xfd\x7f\x5b\xed\xad\x51\x03\x2e\x7a\xec\xd3\x0b\xf2"
	"\xc6\x36\x23\xf9\xdd\xc0\x69\x65\xac\xf3\x1c\xfc\xaf\x4d\x40\xfe"
	"\x88\x82\x07\x1d\x41\xe7\xb0\x03\xa7\x1f\x97\xc2\xd1\xc8\xd0\x1f"
	"\xdf\x29\x4f\x82\xdc\x9f\x89\xe9\xca\x09\x12\xf0\xf9\xc4\xf6\xe1"
	"\x02\xa9\xbc\x39\xb1\x23\xbd\xbc\xca\x6a\x8d\xd7\x91\x1a\xbc\x89"
	"\x2a\xba\xa1\x61\x09\xdd\x45\x22\xdb\x9b\x71\xee\xd2\x15\x26\x99"
	"\x9d\xa5\xa4\xc5\x98\x4c\x8a\x38\x3b\x19\xbc\x08\xd9\x46\xa5\x0d"
	"\x6b\x9c\x9c\xc7\x94\x6e\x3c\xe0\xce\xea\xb2\x12\xff\xf5\xf0\xf5"
	"\x2b\xa8\x5c\x2a\x07\xcb\xaa\xa6\x32\x58\xde\x54\x9a\x02\x82\x7e"
	"\x87\x63\xca\xd7\x37\x37\x47\x96\xaf\x69\xf1\x46\xe2\x3f\xd4\xc1"
	"\x86\x82\x5c\xba\x9d\x4b\xfd\xd1\xc8\xc2\x5d\x1f\x09\x0c\xb8\x32"
	"\xa7\xe5\x30\x49\x2f\x3c\x67\x75\x06\xc4\xe5\x99\x92\x57\x58\x52"
	"\x87\xd8\xae\x41\xa1\x6e\xac\x8a\x7d\xfa\xfe\x15\x86\xbb\xad\x19"
	"\x5c\xae\x35\x0d\x20\x75\x7c\x96\x72\xcb\x98\x4e\x47\x00\x7e\xe5"
	"\xa8\x18\xdc\xb3\xcc\x9c\x00\xbc\x48\x72\x00\x1c\xc3\x51\xdf\x05"
	"\xe6\x3c\xf0\x57\x66\x37\xd0\xbd\x75\x13\x0e\xab\xe7\xb2\xe8\x8c"
	"\x54\x1c\xf4\x5f\x6f\x71\x33\x56\x33\x8e\x26\x4f\x82\xd9\x6c\xb5"
	"\x72\x54\x5d\xce\x45\x46\x10\x10\xea\x46\x2f\x98\x77\x33\x9d\x0d"
	"\x3d\xcd\x40\xdf\xa4\x0b\x7f\xb4\x17\x49\x93\xf0\xb3\x83\x4d\xc9"
	"\xd3\x32\xe5\x1f\x66\x4c\x43\x6d\xb2\xf2\x18\x15\x72\xed\xc8\x5a"
	"\xe3\xc8\x41\xd4\x07\xe1\x7f\x25\x75\xec\xd4\x05\xc3\xde\xd9\xbf"
	"\x9d\xfb\xa3\xb8\x6b\xf3\xa3\x47\x5a\x17\xe5\x18\xaf\x43\x98\x4e"
	"\xea\x31\x66\xb7\xda\x83\xc6\x34\xfe\x27\x84\xe7\x49\x1b\xeb\x27"
	"\xbe\x1b\xb6\x81\x4e\x77\x38\x09\xe7\xc8\xf4\x82\x50\x92\xbc\x09"
	"\x67\x41\x16\x06\xf5\x9a\x49\x98\x74\xef\x08\x7a\x0e\x21\x1d\xd9"
	"\x34\x8f\xd6\xa1\xf0\x97\x44\xbf\x36\x20\xde\x38\xc4\xff\x2f\x6b"
	"\x57\xd6\xdc\x38\x8e\xa4\xff\x8a\x63\x9e\x76\x22\x66\x76\x78\x1f"
	"\x1b\xd1\x0f\x10\x49\x49\x68\xf3\x2a\x82\x94\x64\xbf\x30\x3c\xb6"
	"\xaa\xcb\xb1\x2e\xab\xc2\xae\x9a\x9d\xfe\xf7\x8b\x04\x49\x89\xa4"
	"\x90\x00\xed\xdd\x87\x6e\x97\x90\x1f\xae\x44\xe2\x20\x90\x87\x12"
	"\x92\x26\x9b\x82\x7f\x7e\xd9\x4a\x10\x5b\x31\xc4\x49\xa7\x08\x4f"
	"\x81\xd2\x87\xfc\xab\x2f\x16\x38\xe2\x51\x62\x40\x47\xcf\x37\x1c"
	"\x63\x09\xc8\x52\xb6\x86\xb2\x12\x40\x4a\x0c\x2f\x28\x08\x0d\x5b"
	"\x89\x49\xcb\xc0\x47\x74\x1f\x07\x08\x3a\x15\x2f\xf5\x08\xa7\x7e"
	"\xea\x7a\xea\xc8\xf6\x10\xed\xfc\x01\xd3\x79\xf4\x15\x06\xdc\x07"
	"\xd3\xf1\x5c\x4f\x89\xe6\xfc\x76\x4c\xf7\xa0\xc7\x84\x86\x16\x63"
	"\xb9\xbe\x16\xe3\xdb\xae\x0e\xe3\x06\x9a\xba\xf8\x37\xbc\xed\xf8"
	"\xca\xd1\xdf\x90\x66\x93\x74\x8b\x95\xa3\x16\x7c\x08\x67\x62\xab"
	"\x47\xb7\xaa\x43\xc7\x45\x9a\xdd\xb0\xba\xc8\xce\x85\xc1\xc3\x97"
	"\xf0\xbb\xce\xb3\xe6\x33\x97\xfb\x17\xe3\xb4\xde\x04\xfe\x32\x67"
	"\x8a\xb4\x41\x9c\x83\x0a\x93\x90\x0c\xfc\x39\xf7\xe0\x99\x6f\x7a"
	"\xd1\xcd\xc1\x43\xb5\x6d\xcc\xc2\x07\x74\x81\xe0\x3a\x14\x16\x33"
	"\x2b\x8e\x69\xef\xbe\x68\x68\x4e\x3d\x8f\x1e\xb7\x6e\x92\xb4\xaf"
	"\x0a\xa6\xe7\xbd\xeb\x99\x48\x69\x97\x20\x34\xb3\x25\x33\x39\x28"
	"\xc2\xd8\xef\xc1\x83\xaf\xce\xfd\x77\x17\xc3\xa0\x2f\x8e\x2f\xee"
	"\x5d\x5d\x98\xdb\x49\x71\x90\x07\xf3\xbf\xe4\xd0\xd9\xf8\x09\x5f"
	"\x56\xba\x3a\xae\x73\x5c\xa2\xb3\x2f\xcb\xe4\xea\xf1\xc2\x77\xfa"
	"\x59\x94\x15\xe0\x8e\x2f\x5d\x87\x51\x87\x95\xc2\x47\xb5\x98\x9f"
	"\x9e\xb6\x66\x31\x47\x35\xb8\xb1\xcc\x7b\xae\x1e\xe2\x6b\x21\xbe"
	"\xa9\x83\xf8\x88\xa1\x71\x55\x0b\x0b\x0f\x0e\xdd\xa0\x37\x66\x23"
	"\xa9\x6b\x9b\x3c\xa5\x19\xad\x91\x77\xe7\xf1\x0a\x83\xb9\xec\x11"
	"\x31\x7a\x3a\x47\x9c\x5d\xc3\xe4\x0b\xd1\x01\x82\x9c\xd9\xe2\xc1"
	"\x1e\xdc\x95\xc8\xae\xdf\xf8\x9f\x5c\x84\x86\x6c\xf3\x3a\xfa\xcd"
	"\x9c\xcc\xcc\xd5\x1a\x0d\x23\x58\xd3\x9b\xfa\xf8\xf8\xed\xf5\xf4"
	"\x72\xfa\xe3\xf9\xf8\xfe\xb7\x1b\xfa\xfa\xf8\x9f\x42\xfd\xe2\x8f"
	"\xe3\x9b\xec\x0e\x02\x7a\x13\xfa\x87\xbe\x77\x42\x18\xff\xef\x85"
	"\x9e\xb7\x9b\x3c\xc0\xd4\xae\xb6\x7b\x79\x1c\xbe\x4b\x8c\xa1\x69"
	"\x02\xdc\xc0\xf3\x32\x21\x54\xe1\x70\x3c\xeb\x3c\xad\xb6\x19\xbb"
	"\x98\xf5\x0e\xe0\x62\x72\x25\x31\xa4\x82\xff\xd3\x2e\x6c\x54\x45"
	"\x4b\x86\x57\x7e\xf6\x42\xba\x29\x76\x22\x48\xe8\x5e\x98\x4f\x8b"
	"\x27\x2d\x3a\x5b\xdb\x64\x59\x58\x9d\x94\xed\x9e\x32\x44\xcb\x56"
	"\x92\x63\x4d\x28\x9f\xcb\x5b\xec\x9e\x52\x96\x45\x04\x04\x12\x86"
	"\x9d\x8b\xb3\xf4\x1f\x0d\x10\x38\x05\x71\x92\x3c\xe4\x5a\xd8\x69"
	"\xbc\xe9\x12\xe0\x99\x2b\x58\x49\x70\xd3\xdb\xa2\xd7\xbd\x63\xa4"
	"\xbc\xef\x12\xe0\xac\xc7\xa3\x60\x06\x65\x23\x0b\x67\x25\x2e\xe2"
	"\x06\x02\x16\x6c\x43\x04\xbc\x51\x61\x2e\x22\x0b\x2a\x9b\x58\x90"
	"\xa2\x2f\x45\x45\xa5\xe5\x88\x99\x44\x22\xfe\x4d\x4b\xf3\xda\x76"
	"\xf8\xb7\xf2\xcf\x2e\xb2\x95\xec\x72\xe6\x0b\x18\xa6\xc0\x9d\x65"
	"\xb7\x58\x90\x94\x60\xd7\x22\xa3\xaf\x06\xac\xd2\xfa\xed\xd7\xfb"
	"\xcf\x3f\x27\xf6\x74\xf0\x38\x8c\x05\x2c\xee\xa9\xdd\x87\x8c\xd4"
	"\x35\xfb\x1e\xc2\x2a\xc5\xd3\x68\x10\x43\x1a\xfe\xd0\x71\x46\xe4"
	"\xc5\x9e\xdc\x15\x4d\xad\x28\xb9\xd7\x0f\x98\x3b\x33\xbf\x2e\x4b"
	"\x7e\x03\xb6\x7f\xf8\xf9\xf8\xed\xe9\xf4\xc7\xb5\x3f\x94\xcb\x36"
	"\x5a\xac\xeb\x73\x31\xf8\xe7\xbd\x12\xd1\x2b\x78\x28\x31\xf7\x94"
	"\x56\xe0\xa3\x5c\x09\x12\x9a\x3a\x65\x60\xb8\x0b\x60\x2b\x46\xd4"
	"\xa8\xfe\xf5\x44\x0d\x8a\xf7\x6a\x3a\xff\x4a\xf0\xec\x83\xa6\x6f"
	"\x19\x58\x14\x5a\x26\xd8\xc2\xc8\xee\x3f\xfe\xfe\xcf\x87\xf7\xe3"
	"\xd3\x65\x30\xa2\x87\xb7\xa7\xc9\x18\x70\x4c\x19\xc9\x6a\x98\x0e"
	"\x62\xf9\x76\xfc\xf9\xfc\xfd\x78\xfa\xf5\xf3\x66\x73\xe2\xe3\xf8"
	"\x7a\x7a\x9b\xc5\x5a\x1b\x09\xa4\x24\xb5\x0f\xe6\x34\xf7\x04\x31"
	"\x23\xcb\x83\xec\x48\x81\xd6\xac\x9e\xb8\xbd\xa5\x10\x87\x6e\xa4"
	"\xdc\x24\x22\x2a\x32\xd6\x2f\xb1\xdd\x75\xd6\xe9\xf5\xf9\xf1\xfd"
	"\x86\x3d\xbf\x3c\x3f\x9e\x5e\x6f\x56\x0f\x8f\xff\xfd\xe3\xe5\xe1"
	"\xf5\x38\x91\xca\xe9\x2b\xe5\xc5\xcd\x2c\x19\x17\x37\xf6\x3f\x7b"
	"\x1d\x48\x4f\x68\x59\x7c\xfd\xf5\xfa\x08\xef\x05\xd7\x8e\x73\x87"
	"\x86\xaf\xe3\x2b\xff\xd8\x90\x46\xa2\x3a\xe0\xdf\x35\xf2\x0b\x5f"
	"\x01\x60\xb6\x8f\x28\xa0\x0d\x64\xe4\x21\x4c\x38\xed\x10\x57\x9d"
	"\x96\x81\xe7\x27\xb5\x15\xf8\x06\xbe\x8c\x08\x90\x30\x9a\x58\xa7"
	"\x09\xbc\x78\x69\x50\xdb\x34\x42\xbc\x3b\x00\x86\x73\xd0\x0d\x0d"
	"\xe4\x66\x41\x00\xe2\xd0\xf5\xcd\x6c\xbf\xc3\xab\x39\x94\x96\x81"
	"\x1b\x82\x09\x46\x57\xf0\x44\x1d\xe1\x5c\x89\x49\x68\xd8\x78\x23"
	"\x80\xec\x5a\xa8\x01\xd2\x08\xa2\x6a\x85\x80\xb8\x4a\xb2\x67\xa9"
	"\xc9\xb6\x8a\x8c\x99\xa7\x08\x72\x9a\xe3\x45\x67\x91\x69\x83\x9b"
	"\x65\x55\xff\x06\x8c\xaa\x83\x5b\xea\x39\x7c\x39\x42\xfd\xb1\x6c"
	"\x21\x22\x08\x61\x34\xb2\x51\x32\x2f\x7e\xa6\x2d\x33\xa9\xe1\x96"
	"\xef\xc6\x0a\x72\x10\x94\x19\xe6\xb1\xf3\x42\x77\xd5\x74\xcf\xc0"
	"\x05\x41\x5c\xde\xb8\x88\x91\x79\x0f\xf0\x7d\x4f\x31\xbf\x3a\x40"
	"\xe0\x69\x00\xa1\xad\x06\x04\x8e\x12\x10\x84\x86\xaf\xa6\x5b\xae"
	"\x9a\x1e\x6a\xf2\x87\x81\x6c\xb5\x06\x6a\xed\xd9\x6e\x30\x5f\xd6"
	"\x44\x38\x5e\x79\x7c\x7b\x80\x5f\x59\x79\x0d\x79\x54\xcd\x48\xf2"
	"\xb5\x65\xae\x32\xb9\xac\x25\xf7\x42\x13\xac\xc4\xd7\x04\x25\x75"
	"\x47\xcb\xa4\x12\x5a\x78\x28\xa4\x4a\xea\x06\x25\x96\xd1\xda\xe5"
	"\xd3\xd5\x46\xb6\x34\x80\x88\xe3\xe5\x95\x8b\x24\x28\x18\xbf\xfb"
	"\xea\xc8\xec\xd0\x62\xfe\x5e\x05\x20\x72\x6b\x37\x50\x14\x70\x1b"
	"\x20\xcf\xbf\x82\x9a\xbb\xb5\x67\xe2\x74\x96\x44\xea\xcd\x81\x51"
	"\xc7\xf7\x0e\x1a\x4c\xe6\x1a\xf8\x1e\xc6\x6e\xef\x02\x3e\xcd\x2c"
	"\x45\x76\xc4\x7a\x9a\xac\x0e\xae\xa1\xd9\xbc\x58\x9d\x95\x09\x22"
	"\xbc\xdd\x33\xc4\x7c\x40\x6a\xda\x92\xcc\xb6\xdd\x03\x98\xdd\x12"
	"\xc5\x6e\x96\x96\x76\xa8\x98\x98\x70\x1f\x1d\xe0\x9c\xe5\xd5\xa4"
	"\x99\x42\xa4\x48\x9a\x21\x4e\x3e\xc1\x9c\xd5\x34\x90\xfb\xe2\xce"
	"\xd6\x15\x73\xf7\xa0\x32\x84\x15\x8d\x12\x00\xc5\x7a\xd5\x01\x42"
	"\x43\x0d\xb0\x4c\x5f\xd9\x6f\xce\x19\xc5\xfe\xdb\x23\x5c\xcf\xd5"
	"\xd5\x12\xa8\x01\x81\xa7\xe9\x69\x68\x1a\x3a\x80\x7a\x93\x3f\x83"
	"\x54\x9b\x29\x07\xf1\x6d\xca\x46\xdc\x19\xec\x53\xc7\xb0\x15\x42"
	"\xcc\x01\x9e\xe1\x68\xa4\x7c\x9f\x9a\x96\x6f\xab\x31\x69\x66\xbb"
	"\x8a\x85\xa6\x8e\xf8\xca\x1c\x2a\x18\x86\xe9\x2d\x88\x53\x59\x45"
	"\xef\x8b\x9c\x28\x79\x35\x60\x54\xac\xda\x67\x81\xa3\xd8\xd1\x39"
	"\xd9\x36\xd5\xa7\x92\x1e\xa2\xa9\x04\xee\x0d\x35\xa5\x84\xa1\x23"
	"\xd3\xf7\x1e\x4c\x48\x27\x1a\xe4\x67\xbb\x52\x4c\x11\xf0\x82\xe8"
	"\xc2\x3c\xec\x8a\xb4\x26\x9b\x44\x5e\x08\xe8\xd2\x37\x9d\x89\x01"
	"\x6b\x32\xe4\x35\xea\x02\x87\x8b\x1c\x71\x8f\xb3\x34\xc3\x3e\xb5"
	"\x02\xcf\x8b\x35\x28\xf8\x34\x09\x90\x29\x38\x42\xc5\xae\x1d\x06"
	"\x3a\x50\xce\xff\x94\x1a\x10\x3f\xd2\x5a\xc8\x74\x9c\x81\x4c\x0d"
	"\x68\x4d\x72\xd7\x76\x5d\x5d\xd3\xd1\xc7\xc0\x0b\x84\xb2\x34\xb4"
	"\x0d\x57\x8f\xf2\x2c\xdf\x24\x1a\x18\x6c\x17\xbe\xb9\x04\x64\x69"
	"\x41\x81\x8f\xe8\x97\x4c\x41\x5a\x1e\xa4\xdd\xac\x5f\x80\xf2\x7c"
	"\x4f\x83\x82\xd3\xb2\x1b\x2c\x40\x05\x9e\x13\x2e\x41\x79\xc6\x02"
	"\x14\xa6\x07\x31\x43\xf9\xb6\x0e\xc5\x8f\x9f\xa6\xa9\x9c\xba\x02"
	"\xe2\xca\xe7\xac\xa0\xf9\x0b\xea\x70\x83\x25\xa0\x50\xdb\x10\x37"
	"\x2c\xf1\x96\x04\x3a\xce\x95\xeb\xe6\x3e\xc1\xac\xd0\x46\xb0\x5d"
	"\x10\x18\xde\x22\x54\xb0\x08\x15\x6a\x51\xfb\x4c\x83\x38\x5f\xd6"
	"\x2a\x59\xc4\x4f\xd5\xa6\x6d\xcb\x39\xc4\xf7\x63\xd7\xc4\xc2\x12"
	"\x4c\x60\x9e\x65\x6b\x7b\xdf\x9d\x88\x2c\x7b\x11\xcc\x3f\x2c\x81"
	"\x99\x8b\xda\xe6\x5a\x8e\xae\xb4\x1d\x12\xfb\x77\xb6\x56\x06\xfe"
	"\xc8\x16\x76\xb6\x4f\x04\x93\x0f\x96\x2a\xc2\x42\xc4\x89\x07\xf5"
	"\x91\x9d\xfc\xe5\x72\xec\xfb\xf1\xe9\xf9\xe1\xe6\xf1\xf4\x26\x71"
	"\x64\xde\xe5\x8a\x48\x06\x46\x80\xb2\xf8\xc3\x82\xde\x39\x66\x6d"
	"\xeb\x9d\xfa\x75\x55\x60\xc1\x1c\xaf\xe6\x9b\xe7\x22\x70\x45\x20"
	"\x9e\x96\x1e\xc7\xe2\x6a\x01\x2a\x4a\x22\x55\x68\xe4\x0e\x73\x0e"
	"\xd1\x76\xe1\xb8\x08\x8d\xde\x76\x3e\xcc\x27\x49\x3b\x27\xb5\x20"
	"\xb6\x06\x58\x0f\x92\x92\xca\xc8\xd3\xf0\x6c\x90\x4a\xe2\x9d\x42"
	"\x2b\xaa\xc3\x74\x87\x90\x8c\xe6\xc2\xdd\x7f\xbe\x49\x64\xef\x0e"
	"\xa2\xf6\x2c\xc9\x2c\xfe\xdf\xac\x75\x40\x59\xa7\x84\x6d\x45\x44"
	"\xb1\x88\xff\x8b\xcd\x1a\xb7\x6a\xd6\xd6\xcc\x04\xf5\x92\x0e\x3e"
	"\x62\x4a\x69\x8e\x38\xeb\x58\x44\x27\xaf\x1d\x75\x5d\x46\xb4\x4d"
	"\x92\xb2\x2a\x32\x89\xfe\x2d\x88\x97\xe4\x55\xa7\x63\xb8\x88\x88"
	"\x81\x0e\x0a\xef\xc9\x59\x11\x56\x16\x04\xa8\x63\x17\x66\xcb\xc6"
	"\x8a\xa8\x97\x5d\x05\xaf\xaf\xf5\x54\x47\x75\x9f\xd9\x7b\xae\x7a"
	"\x5a\xf1\xa0\xa5\xf2\x7b\x99\x6c\x50\xe2\x2e\x6a\x24\x6d\x1e\x51"
	"\xdb\x3d\x1f\xf2\x06\x79\x4a\xdd\xad\xac\x0b\xf8\xc2\x7f\x59\x83"
	"\xe7\x05\x17\xf1\x34\x80\xe6\x00\x18\x44\x46\xf8\x0d\x4e\xb1\xd7"
	"\xd5\x0e\xcd\x65\x68\x97\xc8\x3f\x83\x81\x41\x42\xff\xae\xe7\xce"
	"\xb5\x9d\x44\xb7\x9c\x1c\x9f\x6e\xb2\x2c\xfa\x07\xe3\x73\x79\xb0"
	"\x96\x9a\x08\x42\x74\xd7\xe9\x85\xac\x69\x95\xcd\xcd\x58\x46\x22"
	"\xf4\xf0\xfa\xf8\xfc\xf2\xf2\xf0\xf6\xe7\xc5\xa0\xee\xe7\xaf\x57"
	"\xfe\xf7\x6f\x1c\xf9\xfa\x7e\x82\x7f\x3c\x5b\x8f\xfc\xd7\x8f\xe7"
	"\xbf\xdd\x7c\x7d\x3b\xbd\xfe\x3c\xbe\x3e\xbd\xff\x75\xbe\x9a\xc1"
	"\x84\xad\x76\xc2\xca\xaf\xf7\x0a\xd2\xaf\x86\xe4\xd7\xd3\xf3\xe9"
	"\xe6\xe9\xf8\x78\x7a\x12\xa5\xfe\x78\x3b\x3d\x1e\xdf\xa1\x60\x61"
	"\x98\xf0\xfd\xf9\xdf\x23\x75\xdc\x2a\x66\x67\xe8\x90\xb6\x7b\x7e"
	"\x3a\x9e\x90\x54\x28\xe1\x61\x52\xc1\x94\x7e\x7c\x9d\xa6\x46\x0f"
	"\xdf\x8f\x6f\x0f\x7d\xcf\x46\xc6\xb7\x9d\xd3\x94\x97\x87\xf7\x6f"
	"\xf3\xc4\xae\x9c\xe7\xef\xbc\xd9\xff\x3a\x7e\x3f\xbe\xfe\xbc\x01"
	"\x9b\xc2\x33\x59\xf4\xee\x1f\x1d\xe8\xf1\xc4\x51\xbc\x6b\xf0\x24"
	"\x32\x01\xf1\x85\xf4\x46\x30\x75\x9a\x9c\x3d\xbf\x3f\x1e\x5f\xe0"
	"\x79\xe6\xf4\xeb\xfd\xe6\xdb\xf1\xe5\xc7\x1c\xc1\xba\x11\xb8\xf9"
	"\x05\x6f\x5c\xbc\xd4\xf7\xd3\x63\xfb\xd8\x75\xa1\x1b\xad\x01\x58"
	"\x9f\x4e\x2f\xef\x60\xcb\xc1\x5b\x7f\x7c\x39\xfd\xb8\x79\x3d\xfe"
	"\xcf\x65\xb0\x06\xd4\xe6\xed\xe1\xc7\x37\x78\x1f\xba\xda\x91\x62"
	"\x11\xd3\xf8\xf2\x03\xbc\x01\xd2\x36\x66\x13\x9b\x2f\x48\x8f\x4b"
	"\x3e\xc4\x07\x99\x39\xee\x14\x26\x0c\x0b\x10\x43\xa1\x31\x00\x5c"
	"\xc8\xac\xe7\xd6\x3a\x23\xdc\x6d\xc6\x7a\x03\xd2\x69\xfb\x20\x7d"
	"\xbd\x92\x92\xd6\x62\xe7\x38\xbf\xa0\xcb\x88\x05\x9f\x58\xe2\x69"
	"\xff\x37\x7e\x1a\x9c\x36\x4c\xe8\xe1\x70\x89\x8e\xa5\x13\x67\x04"
	"\xdc\xf0\xc9\x0e\x6f\x66\xe7\x26\x9c\x15\xf1\x7b\xa1\xbb\xe1\x12"
	"\x36\x1b\xd4\x49\x4d\x9d\x59\xb3\x6f\x20\xe6\xc0\x03\x84\xd1\x14"
	"\x53\x3f\x1f\x20\xf9\xa1\x6c\x6b\xfe\x91\x18\x06\x07\x14\xb7\x8d"
	"\xd3\x28\x46\xa9\x19\x44\xad\x8a\x29\x2b\x67\x01\x88\x07\x85\x82"
	"\x9b\xff\xe8\xa6\x71\x74\x2a\x87\xe9\xfb\x57\x30\xe5\xfb\xfa\xfc"
	"\xc7\xaf\xb7\x07\x78\x04\x9c\xf7\x6e\xb7\x49\xf0\xd1\x6f\xe2\x14"
	"\xa5\x55\x11\xa9\xe0\xe9\x78\x1b\x4b\x0f\xbb\x00\x29\x49\x9e\x9c"
	"\x4d\x91\xe2\xe7\xf7\x1f\x2f\x0f\x7f\xde\x94\x7c\x1e\xbd\x5c\x31"
	"\x59\x40\xdb\x74\x17\x33\xb4\xc2\x0e\xc2\x68\x56\x22\xd6\x40\x17"
	"\x10\xcd\xf3\x22\x05\xa3\x68\xc3\x0f\xef\x23\xa2\x41\xff\x1e\x53"
	"\xfe\x11\x69\xf8\x46\x96\x18\xa8\xc3\xce\x51\x0b\xba\x18\x12\x6d"
	"\x1a\x87\x98\x86\xf1\xa8\x47\x1c\xb7\x71\x5c\xe4\x03\xef\x82\xe3"
	"\xff\x27\xac\xc8\x69\xd4\xee\x76\x07\xd3\x58\x1b\xb6\x93\x2f\x6e"
	"\x09\xf3\x12\x7b\x4b\xac\xe5\xe8\x80\x10\x6d\xd9\x7c\xe5\x28\xdb"
	"\xf4\x8b\x69\x98\x95\xc9\x0e\xc8\x0d\xf9\x15\x9e\x19\x8e\x5d\x9b"
	"\x69\xa2\xc7\x53\x7e\xd2\xcc\xc1\x6d\x54\xed\xfb\x41\xb8\xd3\xc0"
	"\xc1\x59\x71\xe3\x18\x86\x96\x91\x9c\xe1\x4b\x71\x86\xeb\xb9\x1b"
	"\xc7\x30\x91\x07\x08\x04\xcb\x17\x93\x78\x21\xa7\xf9\x1f\xcf\x30"
	"\xf3\xdc\x70\x16\x64\xca\x6b\xdb\xf5\x42\x77\x25\xba\xba\x8b\x8b"
	"\x8f\xc0\x17\x95\x0e\x1e\xb5\xf9\x47\x45\xed\x04\x86\xb9\xa0\x02"
	"\x28\x77\x7b\x08\x6c\xd3\xb4\x56\x0b\xe0\x45\x9d\x99\xa1\x69\x92"
	"\x85\xcd\xaf\xab\x26\xbd\xe3\x8b\xa1\x63\xdb\xc6\x27\xe0\xfc\xcb"
	"\xf0\x36\x69\xf7\xd1\xe6\x23\xf9\xf4\x5c\xba\xf5\x82\xc0\xdd\x99"
	"\xad\xe7\xb4\x24\x2d\xb7\xa4\xd5\x8a\x71\x4d\x49\xce\x37\x97\xca"
	"\xf3\x1c\xd7\x5c\x50\xc3\x15\xbe\xcd\x8b\x6e\x13\x57\x05\x77\x57"
	"\x64\x37\x2d\x63\x7b\xff\xc1\x42\x04\x53\xd6\x35\x3c\x62\x2c\xe6"
	"\x3d\xff\x4e\x08\x83\xc0\xdc\x7e\x30\x83\x95\x8b\xe1\x0a\x79\x23"
	"\x3f\xd7\xb5\x8f\x8e\x18\xd4\xa6\x1d\xb5\xed\xa1\x9b\x10\x01\x18"
	"\xd3\x83\xa9\xad\xbe\x53\xf2\x8a\x2c\x7d\x2e\xdf\xfe\x70\xf3\xe4"
	"\xb9\x16\xd4\xe5\x5e\xe7\x32\x2c\xe3\x93\xf9\xcc\x4f\xe6\xfb\x64"
	"\x3b\xed\x4f\xb6\xd3\xfe\x64\x3b\x6d\x6b\x91\x18\xc3\x3a\xeb\x86"
	"\xee\x62\xb1\x1f\xf0\x8b\x97\x82\x21\xd6\x41\x1b\x2d\x13\x44\x2c"
	"\x9b\x98\x63\xfd\xf2\xfe\xff\x50\x44\xbb\x5d\x97\x0b\xce\x4d\x1f"
	"\x6d\x7d\x37\x02\x9f\xec\x7a\x97\xf9\x33\xd5\x4a\xf3\x7c\x80\x63"
	"\xda\xfc\x0b\xd8\x35\xef\x34\x94\xb0\x64\x89\x93\xe6\x73\x9c\x0f"
	"\xe6\x4b\x2e\xf5\x7d\xb8\xad\xe3\xbc\x3b\x6d\x5e\xf9\x7c\xfb\xdc"
	"\x2c\xfd\xdc\x5a\x62\x7f\x34\x17\x29\xe2\x65\xad\x64\xd1\xc7\xc7"
	"\x6f\x9e\x27\xfc\x78\x16\x6f\x41\x96\xf3\xe9\x3e\x58\x47\xdd\x01"
	"\x0f\xba\x85\x7f\xbe\x71\xb1\xb5\x4d\xfc\x4d\x7c\xc4\x2d\xd3\x68"
	"\x1d\x8b\x8f\x45\x6b\x90\x36\xe6\x4d\x5b\x70\x8e\x32\x39\xd4\xf6"
	"\x46\x79\x16\x6c\xb0\x90\xa7\xaf\x67\xb5\x38\x8f\x59\x2b\xdb\x26"
	"\xc9\xe1\xb5\x76\xd0\x1a\xd1\xa8\x61\xd3\x9b\x87\x29\x2e\x19\x35"
	"\x66\x8a\x5b\x55\x34\xde\x24\xb2\xbc\x67\xca\xe4\xbb\x97\x0e\x51"
	"\x46\x6f\x56\x6f\xcf\x4f\x7f\x1c\xaf\x3e\x81\xbb\x77\x04\xfe\x45"
	"\x44\xf2\xc3\x3c\x8c\xfa\xf4\x4e\xa6\xc9\xf8\x89\x7c\xc3\xdb\x4f"
	"\xf0\xb1\x83\x4f\x69\xa5\xef\x65\x71\x9d\x00\xbe\x54\x21\xf2\x0d"
	"\xff\x0a\x8b\xcb\x03\xe8\x54\x82\x05\x5f\xe0\x1a\x3b\xbb\x5d\xef"
	"\xd1\x7c\x70\x91\x51\xd6\xb9\xed\x78\xaa\x4d\xbb\x22\x71\xd2\x96"
	"\x2c\xf0\x14\x47\x02\x46\xe1\x53\x90\x06\x9e\xe2\x98\xc2\xe9\xa1"
	"\x61\xe1\xfc\xa8\x0b\xb6\xa5\x2b\xd2\xe9\x88\xf8\x88\xbd\x99\x00"
	"\xd2\xb6\x5e\x97\x8e\x69\x28\x6f\x69\x48\xbc\xf3\x5d\x13\x5f\x09"
	"\x48\x15\x95\x9b\x06\xbf\xc0\xa1\x8c\xb6\xb7\xb4\xa2\x39\x22\x88"
	"\xa3\xf8\xc6\xb3\xc1\xe8\xaf\xae\x91\x1b\x15\xd0\xd5\xdb\xc6\x55"
	"\x2b\xdc\x39\xb6\x1b\x42\xf3\xb6\xda\xac\x7e\x9b\xdd\x8b\x09\x73"
	"\xc9\x2d\x89\x8b\x3d\xbc\x95\x51\xf0\xee\xa4\x7c\x1c\x1a\xf2\x0c"
	"\x96\xa0\x24\x49\xda\x94\xdc\x49\xdd\x31\x66\xb4\x4d\x58\xdc\x46"
	"\xdb\x24\xba\x6a\x3d\x38\x44\x8a\x2b\xfc\x2a\xa9\x4c\x4d\x05\x4f"
	"\x3b\xa7\xbe\x38\x99\xae\x7a\x5f\x86\x57\x97\x5e\xeb\xb7\x87\xef"
	"\xc7\x9b\x7f\xfe\xfa\xfa\x15\x3c\x55\xcd\x5d\x0f\xaf\x27\xbe\x14"
	"\x87\x9b\x42\x71\x6f\x28\xe9\xdf\x7a\x05\xeb\x47\x4a\xf3\xd1\xb4"
	"\xe6\x69\x79\x51\xd3\xf5\xc4\xc8\x9f\x27\xc6\x88\xea\x1d\x27\x09"
	"\x43\x95\x5d\xc2\x88\xe2\x69\x07\xaa\xe2\xff\xad\x69\x9a\x56\xdd"
	"\x25\xfc\x94\x10\x15\xe5\x1d\x6f\x29\xb9\x22\x50\x88\x1a\xb8\x4a"
	"\x69\x3d\x6b\x0f\xd0\xaa\x64\x07\x21\x4b\x92\x94\xb5\x5c\x38\x56"
	"\x77\x52\x07\xac\x1c\xc7\xee\x98\xbc\x66\x20\x48\x6b\x06\x02\x56"
	"\x73\x59\x15\xf0\x58\xc2\x57\x8e\x1a\x7e\x36\xfc\xe0\x50\x96\x09"
	"\x68\x54\x25\x04\x63\xd1\xba\xa8\x12\xba\xc9\xf9\x02\xc5\x65\x3e"
	"\x57\xb4\x72\xf2\x12\x07\x6c\x4f\xd6\x49\x55\xf1\xd2\xa7\x0e\x72"
	"\x00\xce\x57\x44\xf0\xa2\x84\xd4\x98\x91\x08\x3c\x39\x30\x74\xd0"
	"\x48\x74\x7b\xe5\x82\x6e\x94\x1d\x02\x80\x76\x57\xc8\xd3\x06\xd5"
	"\x34\x15\x4c\x81\xc0\x8a\x67\xaf\xee\x63\x99\xfc\x36\xb8\x4a\x94"
	"\x3c\x02\xf2\xfc\xa4\xca\x22\xec\xc6\x97\x93\xd5\x71\x6d\xa1\xdb"
	"\x66\x2c\x94\xe1\x51\x7a\xc6\xa2\x66\x8d\x92\xb1\x1b\x5e\x90\xb4"
	"\x55\xd6\x6e\x0e\xb5\xe3\x22\xf7\x90\x1c\xd2\xeb\x82\xa1\x3c\x4f"
	"\xe0\x8e\xaf\xc8\x12\x94\xe9\x10\xea\x9e\x6d\x13\x24\xf0\xda\xba"
	"\xbb\xdd\xba\x35\x43\x03\xef\x1f\x7e\x1f\x0c\x54\xc6\xb9\x33\x55"
	"\x3f\x3f\x1b\xf7\xf7\xe3\xdd\x72\xee\xcb\x1e\xf7\x21\x59\xbc\x1d"
	"\xc3\xeb\x32\x95\xda\x21\x5e\xca\x18\x03\x2f\xe2\x71\xa1\xf7\xa6"
	"\x79\x13\x7b\x9d\x33\x11\xd3\x2a\x19\x21\xb2\x20\x74\xcc\x76\x8f"
	"\x05\xcf\xb8\x20\x49\x5c\x06\x81\x67\x2c\x41\xf9\x3a\x54\x9a\xd9"
	"\x9e\x6d\x90\x25\xa8\x50\x07\x2a\x03\xd7\x3d\x68\x40\xa8\xca\xdb"
	"\xa8\x9c\x9d\x6b\x19\x7e\x5a\x6a\x60\xab\xd8\x33\x0d\x5f\xc7\x84"
	"\x2a\x3a\x44\xb9\xdc\x72\x93\xaf\x25\xac\x26\xd2\xf5\x13\x76\xe7"
	"\x91\x37\xfa\x62\x53\x4c\x7f\xf1\xcd\x2a\x07\x5f\xab\x5c\xf0\xa5"
	"\x04\x5e\xf4\x38\x3c\xce\x88\x12\xa5\x4d\x6d\x59\xce\xc8\x72\xac"
	"\x68\xf2\x89\xa9\xa3\x48\x68\x0b\xc6\x30\x3d\x17\x96\x8f\x02\xa5"
	"\xf2\x1f\x9d\x8b\xe4\x69\x52\x19\x65\xd3\x84\xed\x3e\x4e\xca\x69"
	"\x12\x4b\xbe\x5c\x49\x33\xa4\x57\x64\x9f\xd1\x98\x4e\x13\xc1\x82"
	"\x58\x3c\x61\x17\xeb\x75\xef\x18\x7f\x44\xfd\x9d\x44\xb7\xd7\x29"
	"\x43\x00\x8d\xb1\xe2\xc6\x35\x0d\x3c\x2e\x31\x52\x55\x93\xb5\x9e"
	"\x75\x2c\x80\x87\x43\x39\x07\xa0\x87\xb2\x8e\x6f\x2b\x49\x62\xef"
	"\x26\xb0\x53\x37\x61\x53\x9a\x08\x0c\x49\xaa\x98\xfd\x66\x5b\x13"
	"\xee\x74\xab\x45\x5b\xa4\xf1\x54\xf3\x45\x54\x5e\x15\x51\xbb\x9e"
	"\x95\xb4\x03\x03\x0e\x88\x42\xcd\x89\x6b\x36\xef\xcd\x85\x8a\xfa"
	"\xd9\x16\x4d\xc5\xfc\x78\x76\x03\xd6\x80\xa5\x67\x25\x19\xc7\x26"
	"\xcb\xee\xae\x93\x7b\x6e\x0c\xe6\xe3\xd7\x00\x18\xe8\x36\xd9\x25"
	"\x39\x42\xbb\x1a\x93\x32\xb5\xc5\x49\x8d\x03\xd0\x3e\x70\x90\x23"
	"\x03\x8d\xbb\x79\xad\xe8\x22\x92\xa1\x1b\x68\xb9\x04\x5c\x4a\xa2"
	"\x54\xbe\x4f\x41\x8b\x51\x7a\x56\x97\x64\x87\x52\x07\xa7\xf6\xa6"
	"\xe7\x22\x56\x6d\xa2\x8c\xb2\x71\xa6\xf7\x07\x5d\x74\x92\xf8\xef"
	"\xe2\x49\x76\x14\xfc\x01\x44\x11\xdc\x3f\xf1\xf3\x11\xbc\x6d\xf3"
	"\x2d\xec\x3e\xf9\xcd\x73\x26\x3c\x9e\x4b\x55\xc3\x56\x57\x09\x7c"
	"\x73\x8c\xe9\xd5\xd4\x00\x42\x43\x4c\xe4\x2a\x63\x40\x44\x84\x92"
	"\x2f\x4a\x84\xb7\xc6\x62\x5d\x0e\x88\x2d\x5d\x63\xda\x33\x00\x59"
	"\x45\xb1\x35\x7b\x4d\x1d\x7d\xc9\x34\x24\x1a\x7c\x65\x91\x5d\x77"
	"\x76\xba\xaa\xa0\x44\xee\x2f\x46\xf4\xad\x1a\x51\x17\x79\x82\x7b"
	"\x4f\xe9\x41\x3b\xc2\xc7\xf7\x80\x4d\xac\x22\x9a\x89\x7f\x11\x9d"
	"\x57\xbc\x79\xa3\x81\x46\x32\x30\x9c\xc5\x65\xb1\xb3\x44\xe5\x48"
	"\xc5\x3c\x3f\x7b\xad\xa6\x96\x44\xaf\xe8\x14\xf5\xca\x3a\x5f\x4f"
	"\x6f\xfc\xac\x79\x3c\xbe\x3f\x3e\xbc\x1c\x6f\xa2\xb2\xb9\xe8\xcf"
	"\x9c\xbe\x7f\x3f\xbd\x8e\xa0\xa7\x1f\xf0\xf8\xff\x2e\xc9\xf2\x5f"
	"\x13\x9b\xe3\xbe\x13\xe0\x15\x97\xb0\x0a\x6f\xe3\x00\x62\x84\xea"
	"\x31\x6c\x01\xa6\x8c\x11\xb7\xce\x63\x54\xa2\xab\x8e\x66\x07\x98"
	"\x15\xa8\x4a\x1c\x87\x71\x96\x82\x71\xa8\x65\x1a\x73\xee\x4a\x4a"
	"\xdb\xe0\x52\x31\xfe\x8e\x9f\x53\xe0\x1b\xbc\x22\x19\x42\x11\xce"
	"\x9a\xca\x6d\x91\x27\x32\xf9\x81\x40\x04\x5e\xa0\x6c\x57\x07\x51"
	"\x29\x6c\x8f\x91\x81\xb9\x00\xd2\x19\x45\x7a\x7a\xa4\xbb\x00\x22"
	"\xd1\x12\x97\x21\x03\xc4\xde\x67\x0a\x59\x5a\x98\x6b\x2f\x80\x2c"
	"\x2d\xcc\xb7\x17\x40\x70\x65\xf8\x09\xce\x97\x89\x01\xa4\xf7\xf9"
	"\x11\x21\x08\xf4\xac\x0e\x96\xb2\x1a\xe2\x88\xf3\xad\x7c\x85\xb9"
	"\x0f\x3b\x2f\x6b\xa0\x32\xf9\x97\xbf\xcc\x9c\x6f\x95\x09\xb9\x95"
	"\xde\x07\x8d\xa5\x7a\x55\x47\x3b\x16\xcb\xfb\xc2\xcb\x88\xca\x4e"
	"\xee\x4b\x82\x3b\xf9\xea\xf1\x10\xaf\x91\x9f\xcd\xb7\x48\x63\x77"
	"\xc5\x9e\x1f\xe2\xc1\x93\x11\xcd\xaf\x23\x9f\x8d\x2b\x15\xdb\x63"
	"\x1b\xb3\x72\xea\xa2\x81\x1f\x76\x2a\xd2\x9f\xd4\x0e\xe0\x0d\xea"
	"\xee\xec\x95\xa1\xce\x9e\x1f\xdf\x4e\xc7\x97\xe3\xe3\xcf\xb7\xde"
	"\x43\x43\x9d\xd9\xd6\x0d\xac\xd6\x9d\xfa\xa2\x2c\x6c\x4f\x5f\xe5"
	"\xa1\x5e\x97\x1b\x82\x2e\x2a\xf7\x87\xb6\x8e\x33\x05\x17\xc5\xdd"
	"\xe3\x79\xef\xef\x6b\xe0\x03\x22\xbb\x38\x38\x6f\x36\x51\xe8\x77"
	"\xc3\xa6\x94\x00\x12\x93\xc6\xf4\x0d\x73\x01\xc8\xc3\xc3\x8c\x5f"
	"\x01\x31\x33\xb6\x31\xd0\x37\x30\x27\xe5\x03\xe8\xd6\x31\x11\xff"
	"\x8a\x23\x88\xeb\x6a\x21\x9e\x69\x6b\x21\x8e\xae\x2d\xae\x1d\xa8"
	"\x17\x41\x92\x46\xae\x67\xa9\x6b\x5a\xd5\x5c\xe0\x0b\x25\x24\x62"
	"\xb6\x9b\xda\xd6\x02\x8c\xbd\x00\xe3\x2c\xc0\xb8\x1a\x8c\x63\xa5"
	"\x8e\xa5\xc7\xb8\x7a\xf9\xe8\x70\x4b\xca\xf2\xf4\x18\xdf\xd6\x62"
	"\x3c\x7d\xd7\x7c\x43\x0f\x59\xd6\x31\x5f\x2f\xf6\x00\x3b\x1c\x82"
	"\x25\xc5\xd9\xa6\xad\x6d\x99\xed\x84\x1a\x88\x6b\xa7\x9a\x62\xf8"
	"\x42\x68\x99\x96\x9a\x4f\x09\xf3\x4d\x8d\x24\x25\x2c\xb0\x4d\x4f"
	"\x0b\xb1\xf4\x7d\xef\x61\x3a\x56\xae\x99\xe9\x1d\x0e\x4a\xc8\xa6"
	"\xce\x3c\xcd\xca\x06\xea\xa0\x10\x0f\xc5\xb0\x35\x07\x1c\x72\x08"
	"\x03\x57\xb3\x18\x09\x50\x88\xb8\x72\x9d\x80\x3c\xf5\x98\x64\x2c"
	"\x0b\x42\xd3\x6b\xf7\x51\xdc\xbf\xfd\x2d\x86\xf7\x66\x44\x4a\x7c"
	"\x19\x65\xa6\xa7\x39\xfb\x01\xc6\x0f\x0f\xda\xd1\x1a\x70\xba\xe1"
	"\xe2\x38\x2e\x1f\x01\x59\x52\x60\x07\x5c\x50\xa2\x6b\x5a\xff\x5e"
	"\x52\xa0\xc0\xe9\xca\xab\x6a\xd7\xd3\x48\x30\x40\x6c\x53\x0b\xe1"
	"\xe7\x37\x5d\x65\x6c\x53\xa7\xa8\x42\xf1\x19\x44\xab\x75\x7f\x54"
	"\xd1\x6f\xe4\xfa\xcf\x24\xc6\x32\xcb\x33\x2c\x7d\xdb\x7a\x9c\x8e"
	"\xb1\x1c\xe7\xb8\x9e\x5a\xda\x59\x4d\x30\x8f\xf2\x63\x88\xab\x61"
	"\x44\x4d\xf9\xe7\xa4\xfa\x8b\xac\x26\xcc\x72\x35\x5b\x0b\xc7\xa0"
	"\x4e\x22\xc6\x18\xdf\x3c\xe8\x31\x96\xa1\xc7\x04\x56\xa6\x06\xad"
	"\x49\x18\xf8\xea\x45\xbc\x4e\x77\xb6\x65\x10\x1a\x59\xb6\x76\x48"
	"\xc6\x58\xdd\x30\x9f\xb1\xb6\xa9\x59\x47\x2f\x48\x0d\x8e\xd9\xc4"
	"\xb2\xfc\x44\x09\xda\x67\x81\x6b\x1a\x5a\x88\xe6\x1c\x25\x20\x8e"
	"\x16\x12\x68\x2b\xc2\x9c\x94\x8d\x21\x56\xa0\x85\xd8\xfa\x52\x6c"
	"\x5f\x0b\x71\xf4\xa5\xb8\xfa\x1e\xb9\x5a\xd6\xf9\xbe\xbe\x14\xdf"
	"\xd3\x41\x02\xc3\xd1\x0a\x64\x0f\xd3\xc9\x22\xb8\xad\x30\xb4\xcd"
	"\x0e\x3d\x43\x0f\xb1\xb4\x10\xdf\xd1\x43\xb4\x23\x1e\x6a\xbe\xc1"
	"\xef\xc5\x6d\x53\xe8\x95\x96\xa5\xfb\x56\xf7\x34\xdd\xea\x16\x09"
	"\xcd\x47\xce\x9e\x0b\x98\xad\xb9\x70\x40\x6e\x14\x72\xd2\x04\xae"
	"\xa3\x6e\x03\x60\x02\x73\x01\x46\x33\x29\xf9\x57\x3e\xff\x18\x33"
	"\x88\xa5\xdb\x44\x5d\x43\xd5\x19\xf1\xdd\xe2\x98\x92\xeb\xd7\x8e"
	"\xd0\x87\xaa\x94\x7f\xef\x38\x26\x16\xd6\xeb\x3c\xbc\xfc\xfb\x94"
	"\x95\xaa\x02\x08\xf6\xee\x3e\x07\x46\xdb\xa2\xa4\xf9\x22\x28\xd9"
	"\xc8\x9f\x15\xe7\x38\xec\xe5\xab\xa2\xd1\x16\x94\x84\x58\x99\x69"
	"\xb9\x6b\xaa\x07\xa0\xbf\x90\x81\xd0\x9e\x6a\xb1\x63\x5c\xe8\x54"
	"\x8b\x89\x78\x82\x17\x2f\x65\x3a\x0c\x8b\x1a\x35\xae\x3b\x08\x6d"
	"\x2a\x52\x6e\x97\x03\x65\xa5\x76\x8f\x2f\x34\xbe\xb6\xa1\xe4\x89"
	"\x93\x58\x5f\x34\xbe\xb8\xd9\xaf\xab\x24\xdf\xd4\xb2\xab\x27\x0e"
	"\xab\xc8\xfe\x22\x8b\x4d\x57\xcc\xa8\x90\xcb\x1b\x7f\x77\x99\xf4"
	"\xe3\xf8\x08\xd1\x9e\xa1\x0d\x57\x1e\x37\x01\x4f\x9c\x3a\x89\xb6"
	"\xf3\xa6\x90\x28\x6a\xea\xa2\x41\x8c\x38\x3a\x44\xd5\x1c\xe4\x2d"
	"\x6c\x49\x59\x4e\xbd\x82\x9e\x13\x69\x85\x17\xc8\x90\xd8\xbf\x82"
	"\xd8\xc0\x33\x15\x52\xdd\x2a\x49\x6f\x69\x7e\xc5\xcd\xa4\x2e\xca"
	"\x76\x1a\x5c\x65\x44\x8e\xb6\x49\x35\x8e\x52\xd0\xa5\x51\xfe\xeb"
	"\x6e\x5e\x52\x54\x54\x8c\x28\x5a\x5e\x56\x45\x4c\x6f\x93\x3b\xbc"
	"\xf9\x91\xb8\xa5\xc7\xc9\xa5\x65\x9a\x16\xd6\xd0\xbb\xe1\x91\x67"
	"\x94\xc8\xa5\x60\x53\xe4\xd5\xcc\xc9\xf5\x25\xb5\x45\x82\xca\x40"
	"\xde\x04\x8c\x61\x15\xe4\x34\xc1\x5c\x98\x76\xe4\x02\x69\x68\x72"
	"\xcf\x79\x30\xe7\xdd\x26\xc9\x56\x14\x99\x40\x82\xbe\xae\xf0\xba"
	"\xb6\x45\x3a\x0b\x1e\x3f\xcd\x0b\x37\xf3\xf8\xb0\xf0\xd6\x5c\x89"
	"\xf0\x98\x7c\x77\x25\xa2\x4d\x04\xaa\xaf\x11\x5a\xe2\x9e\xa4\x33"
	"\x1f\x4d\xe3\xd6\xdc\x55\x83\x05\xf1\x24\x13\x05\xef\xc7\x68\x91"
	"\xf2\xf0\xe4\x40\xa9\xf7\x34\xdf\x92\x7c\x3a\xee\xb7\x49\x0e\x81"
	"\xe8\xea\xeb\x6a\xd2\x08\x8f\xc0\x23\xe8\x49\xac\xa0\xe5\xc5\x0e"
	"\x1b\x56\x60\x89\x6c\x89\x18\xd2\xdb\xf8\x77\xbc\xe0\x01\xc3\x7f"
	"\x94\x25\x12\xc9\xa0\x87\x20\x22\x09\xf4\xaa\xc9\x56\x69\x52\x92"
	"\xd8\x52\xa1\x36\xa1\x63\xa8\xe8\xfb\x6d\x02\x3a\x89\xe8\x8a\x90"
	"\x11\x3e\xf6\x59\xd1\xb0\x2b\xb9\xc8\xc8\x9d\xf0\xe4\x81\x65\xa4"
	"\xe0\x4d\xb7\x58\xd7\xd3\xb1\xca\x0a\x70\xed\x90\xcc\xd6\x98\xac"
	"\x49\x6b\x2a\xe4\x72\x9a\x9e\x83\x23\x88\x3c\x2e\xe6\x75\xe7\x35"
	"\x45\xd9\x9b\xd7\x15\xdd\xa0\xd4\xa2\x9a\x4d\x9e\xf1\x92\x45\x72"
	"\xf0\xcd\x9e\x16\xd5\x64\x17\x1a\x25\xab\x96\x88\x32\xc9\x39\x9f"
	"\xf2\x1a\x2b\x3c\xa9\x49\x7a\x97\x1f\xe6\x5d\x29\x21\x06\x7c\x14"
	"\x63\xb9\x52\x92\x0b\x63\xdc\x88\x5d\x65\xac\x68\x46\x0e\x68\x73"
	"\x2a\x50\xf0\x53\xcc\xb1\xaa\x88\x22\x52\xa3\x64\xbe\xb6\xe3\x8c"
	"\xea\x0d\x1a\xa6\x63\xc5\xba\x4d\xe2\xac\x0e\x95\xdf\x71\x6e\xcd"
	"\x1b\xcd\xca\x24\x01\x2d\x5e\x7c\xfd\x62\x75\x42\x32\x15\x95\x8b"
	"\x2b\xdf\xcb\xa5\x8e\x67\x04\xa2\xc9\x21\xf6\xcb\xbc\xe2\x4a\xaa"
	"\xb7\x2d\x96\xa8\x2a\x49\x72\xc2\x28\x19\x67\x39\x27\xe2\x33\x43"
	"\x1c\xd1\x7e\x2f\xee\xe6\xb5\x8d\xd3\x55\xf2\x52\x53\x74\x75\xe1"
	"\xeb\x29\x4b\x92\xab\xa3\x50\xbd\xe5\xab\x5c\x86\xe5\xd9\x42\x38"
	"\x80\x73\xcc\xe0\x51\x38\x84\x4b\xba\xaa\x39\x0d\x9c\xa1\xda\x92"
	"\xd9\x8a\x85\x5e\xb5\x05\xee\x29\xcd\x8a\x1a\x97\xb7\x03\xe5\xd3"
	"\x03\x69\xfb\x7d\x52\x15\x73\x36\x0e\x69\xaa\x36\xdf\xdf\xc5\xfc"
	"\xc4\x85\x44\x78\x10\x63\xc4\x77\x86\xa2\x6a\xb7\x48\x50\x68\x71"
	"\x88\x4a\x25\x81\x63\xc1\x6d\xae\xf4\x80\xda\xe9\xd6\xc4\xd7\x93"
	"\x58\xbe\x8f\xf4\xf0\x99\x9b\x8f\x4b\xa8\xf6\x49\x15\x93\x38\xd2"
	"\x5b\xa9\x16\x3c\x94\x57\x6c\x23\xda\x82\x56\x33\x3f\xb3\x77\x3a"
	"\xda\xa3\x93\xef\xc5\x67\xd1\x34\xf1\xec\x5a\x7f\x94\x06\x0f\xb9"
	"\xed\x96\xb0\x76\x1b\xc5\x13\xca\xb8\x77\x02\x98\xe7\x7c\x61\x8b"
	"\x12\xf1\xfc\xdb\xa9\x1e\x4a\xa2\x99\x4e\x3c\xb1\x00\x03\x7b\xbd"
	"\x96\x29\xf3\x86\x88\x28\xa0\xac\x4d\x59\x3d\xaf\x6a\xaa\xf2\x87"
	"\xf2\xb4\xa8\x37\x2a\x5a\xbb\xdf\xf2\xd5\x2b\xa5\x48\x00\xe3\x01"
	"\xb5\x4a\x85\xc2\x29\xab\x51\x01\x01\x24\x3f\x23\x30\x88\x59\xb3"
	"\x11\x41\x8a\xd8\x0a\xd5\x59\x02\x70\x86\x08\x23\xd0\xf6\x62\x20"
	"\x56\x64\x2d\x17\xb7\xd3\xfb\x4f\x4d\x64\x6f\x91\xdf\xf3\xff\x97"
	"\xb4\x6b\x6b\x6e\x5b\x47\xd2\x7f\x45\x35\x4f\x49\xd5\x64\x87\x77"
	"\x51\xbb\x35\x0f\x10\x2f\x12\x8f\x48\x91\x26\x28\x99\xce\x0b\x4b"
	"\xb1\x19\x47\x75\x64\xc9\x2b\xcb\x73\xe2\xf9\xf5\x8b\x06\x49\x89"
	"\x17\x34\xe8\xa9\xad\x3c\x44\xc6\xd7\x04\x41\xa0\x01\x34\x1a\x7d"
	"\xc9\x15\x05\x86\x0c\x61\x8f\x1c\xd8\xa3\x1a\xd1\xce\x83\xbc\x5c"
	"\x94\xba\xb5\x4f\x53\xa5\xd6\xed\x3c\xeb\xd5\x75\xe2\xbd\x99\x6f"
	"\x34\x55\x59\x26\x52\x22\x48\xd7\xa7\x5a\xf9\x28\x8d\x6e\x69\x52"
	"\x1a\x9f\x8d\x1d\x98\x08\xc9\x68\xd8\xce\xa8\x43\x8c\x79\x69\xa3"
	"\xc7\xbe\x8a\x86\xb6\x2a\xaf\x22\xb5\x89\x65\x99\xb3\xa9\x94\x88"
	"\x61\x55\x34\x2a\x24\x5d\x65\xbb\xe7\xd9\xec\x65\x5b\x24\xb7\x14"
	"\xbe\x72\x46\x9d\x1c\xc5\x39\xec\xde\x84\x79\xef\xf9\x14\x75\x22"
	"\xf4\xfd\xdc\x74\x15\x11\x82\x39\x5f\xba\xf8\xb3\x59\x37\x6c\x3a"
	"\x7f\xed\x9a\x2d\xf3\xff\x3d\xe1\x1d\x94\xc5\xec\x70\xe5\x4d\x9e"
	"\xca\x57\x88\x91\x04\xe1\x95\xa8\x43\x83\xc9\x8f\xf7\xcb\x64\x1e"
	"\xae\xb8\x99\x30\x75\x27\x2f\xbb\x8f\xc6\xf8\x6d\x77\x78\x3b\x4d"
	"\x7e\x94\x93\x63\x59\x3e\x95\x4f\xff\xc3\xf3\x66\xb7\x6b\x5a\x96"
	"\x87\x57\x6e\x08\xf7\x02\x51\xff\xf6\xc7\x9f\xa7\xee\xf2\x51\xd3"
	"\xf5\x19\xb4\x2e\x96\x84\xaf\x6b\x53\xc1\xa9\x59\x2c\xdc\x74\xea"
	"\x22\x19\xf1\xc9\xbc\xb7\xb8\xd6\xa0\xcf\xe4\x03\xb6\xa6\x8a\xc1"
	"\x80\x82\x75\xa5\x18\x63\xbf\x49\x26\x86\xa8\xeb\xa6\xca\x0c\xc7"
	"\x4c\x53\x8c\xfd\xb1\x89\x12\xba\x8c\x91\x5a\x49\x48\x36\x2e\x11"
	"\x63\xf1\xda\xeb\x09\xdd\x6d\x74\x45\xd2\x08\x79\xb0\x09\x8c\xc6"
	"\xba\xc8\x99\x63\x83\xe1\xad\xd9\xe7\xce\x2d\x0d\xd1\x98\x57\xc6"
	"\xb0\xe2\xbd\x37\x78\xd9\x3d\xef\x8f\xcf\xad\x40\x62\xdd\xd9\xed"
	"\x3a\x58\xfa\x06\x0e\xc3\xd1\x03\x3b\x23\x33\x82\x20\xc1\x6c\xf4"
	"\xf9\xd3\xd9\x46\xef\x7f\x12\x94\xb1\x83\xb7\x64\x3f\xe1\x14\x0b"
	"\xe2\x2e\xbc\x4c\x52\x6f\x95\x3e\x30\x8d\x43\xaf\xdb\xaf\x1c\x83"
	"\xc5\x79\x68\x7b\x78\x7b\x54\xca\xdb\x11\x5f\x69\x5c\xc4\x2c\x94"
	"\x6f\xad\xf7\x48\x3e\x8d\x1a\xd4\x50\x10\xdc\x50\x03\x17\xf1\x18"
	"\x6b\x56\xed\xa9\xa5\x08\x87\x12\x84\x1b\x6c\xd5\xaa\xac\xb7\x85"
	"\x8f\x75\xc5\x09\xe4\x79\x2f\x0a\x2c\xbc\xd9\x0c\xd5\x2c\x14\x25"
	"\xee\x26\x43\x4c\x51\xab\xa6\x6d\xa9\xb7\x90\x08\x05\x8b\x38\x43"
	"\x55\x0b\x9c\x42\xb2\x23\x34\xd3\xc7\x79\x98\x3a\x96\x2e\x21\xe3"
	"\xa9\xc2\xf0\x6e\x77\xf9\xc1\x1c\xdf\x28\x33\xf0\x12\x08\x09\x2e"
	"\x92\x70\xf5\xa3\x20\x66\x59\xf7\x4b\xf0\x0f\xc9\x52\xc2\xe4\xc2"
	"\x6d\x30\x4f\xfb\x29\xed\xba\x0d\x8d\xef\x49\x9a\x06\x12\x8a\x7e"
	"\xf8\xba\x9e\xf8\x01\xe9\xa1\xf9\x16\xea\x07\x79\xb6\x49\x3d\x09"
	"\x27\x82\xff\x10\xe2\x1e\x0d\x04\x0f\xec\x69\x7c\xd4\xbd\xef\xbc"
	"\xdf\x72\x9c\xa9\x98\xa4\x08\xff\x6b\xa6\x9a\xe3\x22\xe3\x92\x32"
	"\x11\xb6\x4a\x32\xa9\x8f\x12\x19\x16\x62\xd5\xc2\xfb\x9e\x1d\x95"
	"\x2b\x9f\x5f\x79\x17\x39\x4b\x12\xd3\x95\xf7\x20\x9c\x4b\xc9\xaf"
	"\x8f\xb7\xfd\xe3\xee\x30\x09\x77\x1f\x4c\xb2\x1c\x68\xbc\xb9\x90"
	"\xb0\x7c\xe8\xaf\x3a\x5c\x90\x26\x2b\x0f\xb2\xf2\x09\xd6\xb4\x75"
	"\x9c\x54\xa2\x8b\xe3\x05\xdb\xfe\xb3\x3c\x29\xdb\x76\xbe\xa1\x72"
	"\x49\x0f\x31\x0e\xe2\x5b\x43\x28\xbc\x22\xba\x2e\xa0\x55\x25\xeb"
	"\xcc\xef\xae\xa4\xd5\x12\x3c\x68\x0e\x2f\x1d\x59\x42\xdb\x44\xe0"
	"\x83\x2b\x54\x31\xb4\x08\xe1\xf3\x0a\x7e\xf3\x60\x2a\x8a\x00\x6f"
	"\xf6\xc1\xf5\x26\x2a\xe6\x1b\xdf\x07\xc7\x19\xad\xf5\xca\xc6\x79"
	"\x05\x82\xef\xc7\xa1\x27\x1e\xba\xf2\xbc\x7f\xfd\x55\x9e\xd9\xe0"
	"\xdd\xce\x06\xfd\x65\xb0\x11\x88\x37\x2e\xbe\xfa\x2f\x52\x29\xdc"
	"\x08\xb2\xb8\x10\x99\x13\x6d\x8a\x4f\x9c\x68\x2b\xad\x1e\x60\x5d"
	"\x22\x68\xaf\x13\x78\x9c\xef\x80\x78\x1d\xd0\x40\x7c\x62\xce\xd9"
	"\xf3\xb2\x26\x30\x51\x47\xd3\xa6\xda\xd8\xe8\x0f\x83\xee\x76\xf7"
	"\x49\xf0\x74\x92\x9c\xbe\xc2\x60\x0e\x0e\x28\x31\x65\xe7\xcf\x2e"
	"\x63\xfa\x20\xa3\x77\x8b\x1a\x0e\xe8\x97\x7a\xb0\xec\xf7\x9f\x16"
	"\x91\xfa\xc5\xba\x5f\xa7\x5f\xa4\x6b\xb6\xa0\xf7\x0b\x23\xf0\x81"
	"\xbd\x09\xcf\x1d\xcc\x1f\x52\x77\xfc\x08\xab\xb2\xce\x9d\x5a\xfd"
	"\x41\xfc\x9e\x8f\xa6\xce\xf0\x4b\x9d\xbe\xfa\x01\x7e\xf6\x5f\xd4"
	"\x94\x0a\xbf\xed\x0a\x56\xdd\xd6\x5d\xed\x1a\x2c\x9e\x7b\x39\x32"
	"\x12\x57\x9a\xb5\xe4\x79\x4f\x72\x6c\x6a\x13\x41\x68\x5e\x8a\x4a"
	"\x76\x57\xca\xa6\xeb\x91\x7a\xbc\x68\xac\x82\xde\x30\x89\xeb\xf1"
	"\x8b\x10\xbc\xa7\xc7\xea\x1a\x0e\x6c\x0b\x42\x47\x08\x1f\xd6\x2b"
	"\xc5\xa6\x71\x3c\xc4\x9a\xb7\x21\x8e\x3a\xde\xad\x15\x9d\x2c\xbc"
	"\xc4\x90\x5c\x1b\xff\xe8\x21\xef\xb6\xc0\x9e\xea\xae\xff\x82\xad"
	"\xf3\x99\x76\x08\xce\xd3\xb7\xf5\xfa\xf4\x17\x8f\x75\x71\x80\x2d"
	"\xf6\x83\xc7\x56\xce\x3e\x5e\xcb\x6f\xce\x70\xd7\xcd\x1e\x92\x6e"
	"\x10\x6c\x5e\x50\x6c\x1c\xc4\x25\xab\xd6\x45\x15\xe8\xf5\x46\xb3"
	"\x6b\x16\xe8\xb6\x7b\x2f\xf4\x32\x89\xda\x5e\x74\x2e\x5c\xd6\xb7"
	"\x2d\x1c\x9a\x4b\x90\xfb\x14\x9c\x4b\xbd\x0e\x75\x5d\x58\x19\x10"
	"\xb4\x3c\x39\x22\xa7\x98\x83\xd4\x20\x28\x6a\x9c\x79\xf5\xd6\x4e"
	"\x08\xf1\xb7\xd9\xe8\x62\x21\xf2\xd9\xa3\x48\x74\x63\x80\x9c\xf4"
	"\x21\xc9\x3a\x17\x44\xb7\x52\x01\x73\x0d\xda\xc3\x5e\x1d\x76\x53"
	"\xe4\x02\xe6\xfb\x1b\xb4\x31\x5e\x34\xf7\x5c\x97\x8d\x04\x8f\x1b"
	"\x8e\x51\x41\x8c\x9d\x75\x0c\x3a\x68\x97\x89\x29\x01\x9e\xd7\x9d"
	"\x13\xdf\xa7\xc5\xfd\x30\xf5\x77\x15\x9c\xbc\x8a\x4f\xfe\x09\xfd"
	"\x20\xd4\x84\x39\x22\x03\xc6\xf3\xdd\xb7\x07\x15\x0a\x60\x44\x87"
	"\x3a\xe3\x2b\xe2\x10\x67\xe9\xe1\x4f\x30\x21\x31\xe9\x27\x6c\xad"
	"\x9e\xbb\x93\x65\x34\x68\xa8\x96\xf7\x8c\xb0\xdf\xf7\x24\x8d\xd8"
	"\x7f\x01\xda\xb3\xd4\x5d\xca\xd0\x04\xc7\xdc\x7b\x14\xda\x6e\xe6"
	"\x3a\x96\x3f\x2a\x02\x39\x7d\xe9\x48\x40\x77\x19\x58\x4c\x28\xc5"
	"\x9f\x8f\x10\xdf\xf1\x66\x58\x2a\x46\x95\x73\x14\x57\x0f\xf6\x08"
	"\x7a\x7c\xc4\x47\xbf\x9b\x06\x23\xa2\x59\x20\x96\xdf\xbd\x7b\xae"
	"\xdb\x6e\xc5\x3b\x00\x4d\x77\x2f\x27\xc3\xad\xac\xca\xdb\xd0\x09"
	"\xc3\x01\xd8\x3c\x85\x13\xd7\x1a\x8e\xb3\x30\x9a\x4b\x48\x0a\x31"
	"\xb4\xf6\x81\x8b\x76\xc1\x21\x9e\xd7\x40\x48\xa6\x6a\x48\x7e\x97"
	"\x8a\x80\xea\x16\x96\xea\xb6\x6a\x83\x13\x59\x3a\x62\x24\x7a\x23"
	"\x30\x25\x04\x3c\xc5\x99\x22\xc5\x31\x07\x25\x8e\x27\x0e\x99\x99"
	"\xba\x84\x00\x0d\xa0\x51\x55\x0f\x09\x01\x0d\x39\x6e\x6a\x32\xdc"
	"\x34\x91\xa0\xa0\x37\x5c\x97\xe3\x96\xb4\x7e\x1b\x4b\xc4\xd8\xe0"
	"\x98\x4b\xc5\xad\x7b\x90\x20\x23\x57\x02\x4b\x97\x10\xb8\x4c\x56"
	"\xd0\x0c\xaa\x20\x56\x9f\x55\x25\x48\xb0\x16\x0e\x5e\xb3\xd3\x48"
	"\xb8\xc4\xd5\x6c\x45\xd6\x0b\x99\x6e\xce\x24\xbd\x98\x39\x04\x32"
	"\xf5\x48\x08\x42\xc7\x9c\x61\xc6\xde\x57\x3e\x34\x7f\xe3\xf8\x2a"
	"\x73\x35\x6b\x26\x69\x63\x40\x75\xd5\x0f\x75\x75\x96\x8f\xd2\x68"
	"\xdd\x86\xf4\xe6\x29\xd7\xc2\xff\x38\xec\x8f\x7f\x7e\x51\xbf\x72"
	"\xd9\x26\x5d\xcc\x27\xb5\xc1\xcc\xfb\x11\x82\xf3\x0b\xcc\xe8\x26"
	"\x5f\x6e\x17\xd5\x5f\x07\x33\x7d\x0e\xea\x0c\xc9\x18\x55\x69\x35"
	"\x71\x1c\x12\xd6\x09\x9b\x9c\x9d\xf7\xcf\xcf\x1d\xe9\xaa\x7d\x6b"
	"\xd7\x5f\xce\x9a\xcb\xbc\x26\xe4\x48\x6f\x90\x6a\x34\x66\x6b\xda"
	"\x32\xce\x24\xa3\x59\x13\x2e\x3d\x26\xba\xcc\x3d\x22\xda\xe9\x3a"
	"\x84\xd7\xf8\x36\xe8\x3b\x9d\x64\x33\xfe\x3e\xf9\x52\xd2\x50\x35"
	"\x17\xad\xdd\xfe\xe4\x3d\xb6\x7f\xbd\xec\x7e\x1c\xca\xb7\xc9\xa5"
	"\xea\xb6\xdb\x88\xae\xcb\xcb\xcf\xfd\xe1\x02\xe9\x16\x78\x62\x82"
	"\xc9\x17\xe8\xdd\xcb\xee\xfc\x5c\x5e\x86\xc3\x79\xed\x47\x26\xe9"
	"\xd0\xc0\x5b\x7f\xa2\xaf\x24\x49\x6f\x3a\x74\x09\x59\x23\x26\x67"
	"\xec\xe4\xe2\x41\x86\x75\x76\x4e\xcf\x44\x92\x9d\xc7\x56\x8a\xa1"
	"\x3c\x93\x66\x0e\x9c\xcd\xbb\x05\xbd\xad\x0e\x8a\x96\x4e\x16\x33"
	"\x2e\x14\x16\x36\x51\x77\xfe\x76\xbe\x3c\x2a\x2d\x47\x6c\x20\x61"
	"\x70\x16\x23\x22\x02\xe0\x68\x7a\x47\x86\xad\xb7\x6c\x97\x6e\x2e"
	"\xfc\x58\xc1\x64\xdf\x84\xa3\x6c\xf1\x33\x10\x82\xb6\x0b\xde\xe4"
	"\xf7\xda\xc7\xcb\x21\x7c\x8d\xa0\xb8\x8a\xe2\xd3\x69\x4b\x53\x5e"
	"\x6c\x02\xaf\xe8\x87\xea\xe9\xb6\x3a\xdd\x0e\x44\xef\xab\xf1\x02"
	"\xb4\x54\xb0\xa5\x37\xcf\x91\xf9\xdc\xfc\xee\x21\xe6\x24\x37\xa2"
	"\xdc\x46\xe2\x87\x35\x24\x2e\xed\x47\x09\x13\x92\x20\xe6\xf9\x2d"
	"\x12\x0b\xcb\x8e\x58\x93\x2c\x1f\x22\xdb\xb4\xe4\xed\x8d\x48\x6e"
	"\xcd\xb0\xe4\x77\x35\x4d\x4a\x4d\x47\x1f\x79\x57\x40\x43\x55\x43"
	"\x72\x1b\x74\x69\x34\x79\x45\x39\x23\x31\xa5\x14\x89\xe3\xa3\xce"
	"\x3c\x1d\x1a\xc5\xfa\x04\xd1\x67\x68\xec\x91\x3e\x34\xd4\xcc\x96"
	"\x77\xe1\xfc\x4e\xd7\x56\x52\x0a\xca\xc4\xb5\x19\x12\xff\xac\xa1"
	"\xf1\x23\xd4\x85\xf7\x3a\x56\x8c\xfd\xd4\x51\x12\x13\x71\xd5\x6c"
	"\xd7\xa2\xc9\x47\xc1\x8b\x74\x45\x93\x73\x71\x0a\x69\x0e\xf5\x61"
	"\x48\x19\x76\x9e\x19\x99\x6a\xd0\xa3\xb3\xf1\x4e\x9f\x19\xe3\x13"
	"\x4d\x1b\x27\x31\x47\x49\x0c\x7d\x9c\x64\x7c\x46\xcf\x94\xf1\xa9"
	"\x88\xb8\x8b\x5e\xbb\x74\x86\x05\x56\xb8\x0d\x9d\x31\x3e\xba\x96"
	"\xaa\x7e\x62\xca\x1b\xf6\x27\x96\x0e\x6d\x6c\xfa\x68\xea\xc8\x5c"
	"\x8d\x9c\x64\x3a\x33\x91\xad\x44\x10\xa7\x02\xf8\x07\xd4\x50\x9f"
	"\x58\xb2\x5d\xaa\x6b\xfa\x67\x5a\x38\xc6\xc8\x8c\x8f\x66\x5d\x5d"
	"\x1d\x7f\x5d\x72\xd8\x5d\x98\x54\xf9\x32\xde\x0e\x55\xb3\xad\x31"
	"\x06\xc1\xe2\x00\xb7\x49\xcc\x51\x4e\xb4\x6c\xb3\xf0\x49\x14\x84"
	"\x0f\x63\x94\x53\x63\x6c\x72\x68\x86\x22\x9f\x62\x34\x5b\xa9\xd3"
	"\x8c\x8c\x30\x8a\x61\x67\x23\x5f\x0f\x24\xba\x39\x4a\x82\xc4\x9e"
	"\xb9\x92\xd0\xc8\xd2\x46\x3e\x6a\x7e\x67\xd8\x23\x4c\x9b\x26\xa6"
	"\x33\x32\xcb\x80\x21\xe4\x33\xe8\xfb\xc3\xfa\x2e\x1a\x2a\xc0\x4e"
	"\xc7\x6f\x20\x12\x8f\xf0\x4b\x12\x2a\x23\xeb\x3c\x50\xc8\x9b\xe8"
	"\x67\xec\xd7\xd8\x5e\x40\xd7\x5b\x8a\xcc\x3c\xde\xa1\x3c\xe8\x53"
	"\x5f\xdc\xe2\x7d\x34\xd5\x45\xf1\xe7\xd8\xb9\xa9\x4a\x4f\x37\xf6"
	"\x85\x2d\x5b\x56\x38\xb4\x88\xee\x45\x23\x52\x5b\x66\x76\x7c\x5f"
	"\xae\xa5\x43\x09\xb4\x8a\x80\x1e\x91\x61\x64\x66\x42\x1f\xd6\x4e"
	"\x91\xe5\x85\xb7\xe6\x71\xa7\x41\xa9\xc3\xe3\xd8\xf3\x0c\x36\xad"
	"\xb0\xea\x11\x61\x24\x8b\x4e\x4c\x66\x28\xbb\xa6\x21\xaf\x9e\xa3"
	"\x5d\x34\xee\x18\x85\x83\x25\x56\x4a\x18\x2f\x2e\xa0\x29\x42\x81"
	"\x3f\x9a\x13\x18\x40\x3b\x17\x7f\x76\x1d\xb2\xae\x1b\x21\x96\x47"
	"\x24\xc3\x6a\x04\xf5\x7d\x08\xd6\x13\x04\x49\x0a\x17\x31\xc1\x0a"
	"\x92\xe0\x8a\x19\x3f\x09\x21\x63\x11\x56\x79\x75\x81\x38\x06\x57"
	"\xfc\x8e\x52\xf1\x54\xc5\xcb\x80\x7f\xdd\x22\xca\x46\x68\xb0\x9c"
	"\xb1\xe0\x8b\xe8\xdc\xb9\x51\xc7\xb2\xdd\xbd\x87\xb7\x3a\x42\x4e"
	"\x70\x0e\xfb\xf2\x78\xe9\x70\xe0\x95\x17\xb0\xa6\xb2\x72\xe1\x11"
	"\x81\x95\xcf\x37\xfe\xd0\x08\x98\xd7\x07\xb7\xeb\x1d\x2e\xd8\xe4"
	"\x52\x2b\x14\xe4\xc0\xbb\xf5\x31\x80\x71\xa0\x28\xf9\x67\x0b\xe6"
	"\xd1\x19\xeb\xf4\x94\xe7\x0b\x64\xbf\x1c\x4e\xbf\x8a\x8e\x9d\xdb"
	"\xc3\x30\x46\xf4\x12\x35\x09\x0f\x8b\x2a\x23\x88\xa2\x6e\x53\x6b"
	"\x9b\xe9\xc7\xf3\xe9\xed\xf4\xf3\x32\x59\x7e\xbc\x96\xe7\x6f\xdb"
	"\xc9\xf3\x7b\xf9\x76\x11\xd9\x84\x2f\x1f\x12\x0f\x4e\x63\xd4\x49"
	"\xc0\x4e\x52\xe0\xa4\x9a\x91\x45\x2f\x56\x63\x90\xba\xe2\x31\x4b"
	"\xd2\x80\x46\x1a\x5c\x18\x09\x61\xc6\x58\x1e\x12\x91\x33\xcd\x42"
	"\x2c\x90\x37\x83\xec\xa9\xa6\xcf\xc5\x77\x4f\xa9\x3d\x55\xb5\x0d"
	"\x02\xa9\xb6\xdd\xcd\xe4\x5a\x1d\x32\x59\x8f\xbd\x5d\x6a\x43\xc0"
	"\xeb\xe0\x54\xe9\x14\x1f\x1f\xcb\x43\x79\x3e\xbd\x94\xfd\x94\xad"
	"\x84\xf1\x91\x6a\x69\xc8\x86\xd4\xa0\xba\x14\x9d\xc9\x50\x63\x68"
	"\xe6\x46\x8e\xbb\xc3\xe9\x99\xa7\x0e\xdd\x3f\xef\x2f\xbb\x03\x68"
	"\x4f\x58\x73\x87\x6d\x9b\x5a\x48\xa6\x4a\x06\x4d\x91\x43\x11\x83"
	"\x6c\x15\x7d\x4a\x45\x94\x81\x0c\xd2\x6c\xb4\xa9\x4d\x3b\x7f\xec"
	"\xbf\x3d\xed\xcf\xe5\xe3\x85\xe7\x5b\x45\x1a\x9d\x4d\x7b\x81\x85"
	"\xea\x34\xb0\xaf\xbb\x47\x56\xc9\xf1\xb1\xfc\xd4\x97\xab\x26\xfa"
	"\x79\xaa\x89\x7e\xc3\xd4\x18\xbe\xd9\xe5\x2d\x66\xff\x55\x6f\xa4"
	"\x1f\xc7\xcb\xaf\xf2\x6d\xdf\x7b\xe1\xcc\xd6\xb1\x5a\x19\x64\x08"
	"\x6a\xad\xaa\x7b\xfe\x60\x53\xf2\xf1\xf4\x5a\x36\xb9\x7b\x87\xdc"
	"\xa5\x08\x4c\x1d\xd7\xe5\xe5\xaf\xd3\xf9\x4f\xde\xc1\x1f\xff\x2e"
	"\xcf\x7f\x9f\x04\x2f\xaf\xe5\x13\xef\x1e\x07\xe9\x13\x73\xa6\x0f"
	"\xcf\x7b\xe1\xfe\xf9\xd7\x45\xf4\xee\x8c\x86\xda\xef\xe9\xef\xe1"
	"\x90\xb2\xd1\xfb\x57\x39\x29\x8f\xe5\xf9\xf9\x63\xc2\x67\x04\xcc"
	"\x98\xc0\xe9\xbe\xcc\x9b\x62\x71\x29\x2a\xcc\x90\x60\xb6\x04\x9b"
	"\xa1\x98\x6d\x0e\x7b\x39\x2d\xdf\x4e\x07\xd0\x2e\x7f\x82\x65\x34"
	"\x3a\xc3\x58\x46\x63\x27\x04\x45\x06\xaa\xc3\x11\x6a\x74\xc4\x93"
	"\x6f\xb0\xaa\x1c\x9f\xd8\x44\x38\x96\xd7\x2c\xc1\xaf\xe5\xee\xcf"
	"\xf7\x57\x68\x0b\x6b\x20\x1b\xfb\xd7\xb2\x7c\xfc\xd5\x09\xeb\x57"
	"\xad\xaf\xc5\xc0\x69\xb9\x9e\x57\x4f\xe7\xd3\xfe\xa9\x2d\x43\x2d"
	"\x2b\xad\x5e\xb3\x4d\x72\xab\xb2\x15\x38\xf4\xdf\x0a\xd9\x51\x2d"
	"\x85\x2b\x62\xae\x91\x23\x21\x49\xa3\xbe\xbe\x0e\x64\x9b\x45\x14"
	"\x17\x29\x89\x8a\x38\x61\xb2\x5f\xf0\xdd\x43\x6f\x92\x6b\x71\x6d"
	"\x11\xc5\x63\x24\x64\x21\xba\x45\xec\xf9\xe9\xb2\x3f\x71\xa3\x43"
	"\x00\x07\x61\x9f\x5b\x2f\x12\xd4\x15\x23\xd1\x91\xea\x8e\x9d\xc7"
	"\x58\x4c\x01\x26\x22\x16\x4c\x3c\x9c\x6a\x06\x72\xa9\xb1\x46\x92"
	"\x14\x2c\x68\x01\x71\x1f\x21\xe9\x07\xb6\xd1\x45\xac\x61\x4e\xb8"
	"\x2a\xf2\x70\x0d\x51\xde\x57\xf7\xdf\x53\x34\xe1\x43\xe6\x8b\xab"
	"\xb9\x0f\x42\x47\x55\x14\x05\xbf\xbe\xbd\x51\x60\xb7\xd3\x98\x6d"
	"\xf9\x8a\x4e\xb1\x53\xc9\x22\xf5\x1e\x7a\xa6\x1e\xff\x91\x1d\x4a"
	"\xcf\xf0\x24\x73\x12\x91\x7d\xd2\x9a\xac\xe3\xe5\xa6\xa5\x39\xaf"
	"\x0b\xaa\x51\x4e\x3a\xa1\xc6\x93\xc0\x40\x62\x22\x2e\xe2\xd0\xf5"
	"\x03\x2a\x8e\x9c\xe0\x2c\x53\x26\x71\x5c\x9d\x93\x44\x12\x1b\x1b"
	"\x19\xd0\x58\x33\x31\x6c\xb5\x69\xc5\x0c\x5d\x92\xad\xc7\x87\x2f"
	"\x49\xbd\x84\xa4\xad\x73\xc8\x6d\x68\xaf\x01\x3b\xab\xb8\xcb\xce"
	"\xe1\xf4\xf8\x67\x95\x06\x04\x16\xec\x4e\xba\xf7\x1b\x3b\x80\xe0"
	"\x48\x20\x7f\x88\xb8\xc1\x8c\x62\x49\xdd\xd5\x18\x53\xd1\xc0\xd4"
	"\x4d\xf5\x13\x54\xaa\xf1\x09\x22\x24\xcc\x47\x8b\xc8\x71\x1d\x6f"
	"\x8a\x48\x18\x3d\xb2\x19\xa2\xb0\x6c\x93\x51\x88\x11\x5e\x20\xf1"
	"\xb2\x81\xe2\x2e\x4e\x03\x51\xa8\xf8\xf6\xbc\x82\xd0\x1b\x6d\x1e"
	"\x69\x61\xeb\x3c\x19\x6b\x03\x76\xa5\xdb\x26\xc9\xc9\x28\x49\xe0"
	"\x20\xc2\x40\x7b\xc8\x1d\x53\xfe\x29\xa2\xe4\x50\x6d\x38\xb3\xa6"
	"\xd3\xd1\xc1\x06\x2a\x24\x25\x47\x8f\xca\x32\x3f\x45\x65\x7f\x86"
	"\xca\xfe\x54\xbb\xec\xcf\xbc\xb1\x17\x7f\x19\xa1\x99\x8a\x66\x62"
	"\x13\x5b\x99\x24\x1b\x29\x0c\xf6\x87\x9d\x4b\xb8\x21\x8d\xd3\x8e"
	"\xe0\x3d\x84\x83\x68\x21\x85\x35\x47\x0a\x27\xde\xc8\xeb\x23\x37"
	"\x19\xa3\xf0\x17\x8e\x2f\x6d\x04\x1c\x78\xc7\x2a\xa1\xae\xb4\xa1"
	"\x10\xba\x99\x74\x82\x28\x0f\x69\xb6\xae\x27\x85\xbd\x35\xce\xcf"
	"\x58\x9c\xeb\xe5\x3d\xdb\xc7\xd6\x7d\xbf\x80\x6a\x29\xe5\xcb\x2b"
	"\x3d\xbd\x9f\x1f\x4b\x81\xcd\x23\x4f\x6b\x11\xb7\x6c\xf6\xab\x92"
	"\x24\x8d\xe7\xed\x66\x86\x2b\x9a\x3a\xfc\xcc\xdc\x12\x96\xaa\xfc"
	"\x6e\xcb\x7e\xfa\x90\x6e\x79\xe1\x6d\x33\x08\x15\xd4\xe6\x8f\x1e"
	"\x45\x1c\x87\xc5\x7d\x9c\xae\x48\x5a\xe7\x70\x69\xeb\x8c\xd2\x94"
	"\x64\x1b\x46\xae\x28\xb6\x69\x9b\xed\x08\x07\x34\x08\x21\x10\xce"
	"\x95\x44\xb5\x54\x85\xff\xeb\xbc\xc8\x32\xae\x04\xac\x82\x99\xa6"
	"\x76\xd4\x1c\x69\x9d\xfc\x84\xc9\x01\x36\xa2\x2b\xae\x72\x10\x24"
	"\x01\x66\x37\x57\x3f\xff\x40\x07\xd6\x0b\xb4\xf9\x40\x07\xd1\x18"
	"\x5d\x09\xa2\x6c\xa3\xc9\x29\xb2\x48\x7c\x56\xf7\xae\x1f\x90\x09"
	"\xf3\xe0\x91\x20\x9c\xc7\x79\xff\x9b\xa3\xe5\x06\xd1\xa4\x55\x3b"
	"\xbe\x84\x40\xd7\x94\x22\x62\x55\x8a\xfb\xaa\x56\x1e\x62\x78\xdd"
	"\x1c\x5c\x8a\x9d\x3b\x51\xe1\x87\x5e\x0e\x4d\xe8\x55\xd2\xea\x72"
	"\x27\x72\xef\x38\xde\xb5\x83\x4c\x93\x88\x2e\x7a\xe5\x01\x9b\x3f"
	"\x9b\x6e\xe2\x99\xaa\xe8\x66\x91\xc0\xa7\xc9\x02\x8e\x6b\xfb\xc7"
	"\x09\x07\x27\xc9\xee\xb9\xe4\x26\x19\x13\xda\x0f\x38\x50\x3d\x1d"
	"\xc4\x45\xb2\xc8\x40\x74\xef\x0a\xd5\x5d\xac\x08\x13\xe2\x09\xe5"
	"\xfa\x1e\x1d\x1b\x93\xed\x94\x4a\xab\xaa\x48\x0a\xea\x85\x3e\x62"
	"\x7c\xdb\x3c\xb2\x6d\xf9\x88\xc6\x7e\x55\xdc\xff\xfa\x9e\x0e\x12"
	"\x78\x82\x46\x08\x8b\x35\x60\xb1\xd5\xd1\xb3\x05\x87\xb5\xee\x70"
	"\x54\xa5\x4d\xfb\xbd\x3c\xfb\xa7\x6e\x34\x87\xce\x97\xd3\xa5\x7c"
	"\x3d\x9f\x1e\x87\x2b\x52\xea\x41\xd4\x8a\xda\x78\xa2\xa2\x7e\x7d"
	"\x79\x7b\x16\x10\xc2\x68\x77\x74\xfb\x7c\xf8\x9d\x25\x11\x85\xdf"
	"\xaf\x79\xa3\xeb\x4a\x5f\x15\x72\xbd\xed\x82\x3b\x76\xa5\xc9\x30"
	"\x69\x22\xc4\xb3\xff\x42\x3f\xde\x2e\xe5\xcb\x24\x66\xe2\xea\xaf"
	"\xfd\xeb\x57\x38\x8e\x3e\xee\x7f\x32\x7e\x71\x7b\x7a\xb0\x97\xc3"
	"\xe9\x99\x15\x43\x32\x91\x9e\x8a\x6c\x7e\x3e\xed\x9e\x1e\x4f\x2f"
	"\x3d\xac\x95\xaf\xca\x29\xe6\xa9\x13\xd1\x6c\x3e\x34\x10\xfa\xaf"
	"\x28\xef\x3d\xd7\xea\xe8\x04\x02\x34\xdc\xa7\xa4\x17\xbb\x3f\x68"
	"\x33\x3d\x37\x48\x1d\xcc\x98\x30\x89\xba\x05\xac\x11\xdd\x13\x71"
	"\x1e\x90\x38\x0a\xd8\x06\x13\x5c\x5d\xe0\xef\xde\x77\x07\xf6\x1d"
	"\xf8\x87\x6c\xd6\x79\xc0\x73\x7a\x88\x97\x34\x08\x7a\x28\x5a\xab"
	"\x12\x7e\xd8\xf6\x53\xef\xee\x9a\x0e\xb6\xfa\x73\xb2\x38\xb1\x77"
	"\x1c\x4f\xed\xef\xae\x21\x76\x8e\xd9\x36\xf1\xf2\xe2\xb5\xeb\x45"
	"\xa4\x9b\x04\xac\x4d\x96\x78\x29\xac\x6d\xe0\x20\x29\x56\x9c\xb7"
	"\x69\xc1\x95\x94\xb2\xc3\xcc\x28\x25\x98\xc0\xd1\x84\x7c\xa6\x4e"
	"\x42\x69\xb0\x1d\xba\x95\x35\x5f\xe9\x8a\xc6\xf6\x2e\xa6\xa2\x84"
	"\x7b\x3c\x0b\xe9\xd6\xe7\x9b\x72\x95\xf9\x83\x1d\xb8\xd0\x55\xb5"
	"\x47\xcd\xa4\x8c\xcf\x53\x43\xbe\x13\x19\xf5\x6d\xd4\xaa\xfc\x57"
	"\x22\x0b\xb0\x3c\x73\xb8\xf6\x81\x7f\xae\xf7\xfb\xf2\xc8\x8e\x7d"
	"\x75\x10\x05\x81\xd5\x7c\x45\xce\xe4\x28\x87\x67\x38\x13\x6f\x7b"
	"\x15\x0d\x6a\x79\x57\xe3\x10\x75\x42\x37\x4d\x19\x49\x9a\xd9\xb3"
	"\xa9\x4e\x64\x24\x34\x32\x4d\xe4\xce\xb5\xa6\xa8\x3c\x3e\x17\x63"
	"\x24\xfd\xe6\xf6\x1a\x0b\xd7\x66\xdd\x60\x2f\x75\x51\x11\xb8\x6e"
	"\x20\x74\x22\x60\x8b\x65\xfa\xd0\x5f\xc9\x93\x50\x9d\x6a\x45\x94"
	"\x74\x43\x45\xb4\x67\x79\x3b\x2b\xdf\xf5\x66\xaa\xed\x48\x72\x2d"
	"\x74\xd9\x34\x16\x95\x7b\xed\x2a\x82\xb6\x58\x18\xc0\x05\x0d\xf7"
	"\xae\xec\xec\x67\xd7\xd2\xc2\x11\x39\xbd\x00\xbe\xf2\x03\x9f\x53"
	"\xf5\x1f\x6c\x7c\x7d\xc4\x8a\x2f\x46\x50\x5b\x29\xa2\x38\xbd\x17"
	"\x24\xa6\xec\x53\x08\x2a\x19\xbd\xdb\xc8\x43\xdd\x30\xd1\x98\xbf"
	"\x0d\x8e\x29\x99\xe6\x11\x51\x91\x4b\x06\x06\x69\x1a\x06\x39\xaa"
	"\xa9\x70\xbb\x4b\xb1\xa5\xa0\x4b\x34\xa4\x56\x97\xe8\x58\x62\xe1"
	"\x88\xa4\x2e\xa2\xa9\xa8\xb0\x19\x8e\x21\xfa\x30\xde\xaf\x59\xd5"
	"\xd0\x42\x27\x79\x20\x1e\xc0\x55\x4e\xdd\x19\x82\x38\x7f\xac\x98"
	"\x40\x2f\x56\x61\x45\x8e\xae\xe9\x98\x87\x07\x99\x1a\x26\x3e\x30"
	"\x0d\x8e\xfb\xa6\x90\x29\x16\x84\x98\x61\xb6\x81\x5c\x90\x30\x6c"
	"\x66\x22\x0a\xa6\x0a\x43\x3e\x25\x77\x0c\x05\x31\xe4\x62\x98\xa5"
	"\x21\x6b\x18\x75\x88\x8e\xc6\xcc\xcf\x56\xb6\x8e\x45\xb5\x65\xd8"
	"\x9c\x98\xff\xaf\x9b\x33\xcd\x42\xef\xc0\xb4\x99\x8a\x43\xd8\xdd"
	"\xc5\xd4\x98\xe2\x57\x71\xf8\xbb\xa6\xf8\xbb\xa6\x33\x1d\xbd\xc0"
	"\xb3\xa7\x18\x34\xd3\xd0\xa7\x66\x88\x11\xbf\xc3\x75\xc9\x2a\x6c"
	"\x59\xe2\x2d\x60\xbd\xf5\xc2\x38\x81\x70\x38\x99\xe7\x60\x2e\x0f"
	"\xcb\xc0\x36\x10\x23\xa2\x65\x8e\x45\x65\x0f\xd6\x44\xcb\x73\xf4"
	"\xcd\x61\xe6\x68\x06\xa2\x04\xe3\x18\xe6\xbe\x01\x18\xe2\x7d\xce"
	"\x36\x55\x15\xb3\x9d\x04\x4c\x55\x31\xbf\x2d\x0e\xda\x28\xa6\x23"
	"\xc6\xac\x90\x20\xc4\x42\xbe\x3f\x72\x12\x76\x22\xcd\x51\xcc\xd0"
	"\x34\x99\x35\x06\x13\x70\x4c\xae\xe1\xca\x49\x5b\xb3\xc3\x0d\x87"
	"\xf2\x5b\xf1\xb5\xca\x35\xd9\x4c\x31\xfb\x2b\x7e\x8e\xa0\x4c\x18"
	"\x2f\x02\x6c\x38\x6e\x24\x5b\x8c\x24\x0b\x60\x30\x15\x5b\x95\xc3"
	"\x88\xfa\xb4\x81\x0d\xaa\x20\xee\x47\x15\x85\xaa\xa9\xba\x2d\xc3"
	"\x15\x9b\xaa\x8a\x26\xad\xc1\xa6\x8a\x29\xa5\xb0\x54\x6a\x21\x01"
	"\x5f\x38\x05\x7b\x83\x6a\x4a\xe0\xe9\x0c\xb9\xa2\xae\x60\xdb\xb2"
	"\xd1\x4f\xc8\x42\xc7\x30\x91\xe4\x01\x5b\xdf\x52\x95\xfe\x8c\xa9"
	"\x4f\x6f\xaf\x07\x76\xaa\x1b\xac\x75\x76\x2f\xdb\x5f\x85\xfe\x2a"
	"\x5f\x78\x10\x0f\x2a\xb8\x96\xce\x42\x42\x0b\x88\xb6\xcd\x6d\xc4"
	"\x90\x45\x83\xda\xd8\xa4\x26\x77\xfd\x78\x48\xb7\xd6\x7f\xb7\x67"
	"\x43\x37\xa1\xe5\xfe\xa9\xb1\x5c\x03\x2b\x8d\xea\x6a\xe5\x7a\x97"
	"\x4a\x93\x06\xbc\x02\xdd\x4d\x9a\x26\x75\x4b\x7b\x71\xf7\xea\x7b"
	"\x9a\xf7\xe3\xa5\x75\x90\x6d\x2e\xe6\xd9\x26\xb1\xab\xb6\x0b\x6c"
	"\x8f\x30\x15\x0b\xbb\xc5\x36\x75\x4b\x41\x21\xd4\xf0\xc2\x34\x34"
	"\x15\x85\x0c\x0b\x87\xb0\x4b\x71\xd3\x9c\x69\x29\x8e\xe9\x38\xa6"
	"\xa0\x5f\x66\x69\x46\x8a\x4a\x16\xb0\xb0\x5a\xa8\x21\x84\x69\xd9"
	"\xe8\x47\x4c\x11\x19\x00\x20\x4b\xc5\x21\xb4\x9d\x92\x9d\x53\x47"
	"\x0d\x72\x6c\x1b\xb1\xe4\x71\x93\x38\x03\xa7\x40\xf1\x4a\x6c\x69"
	"\x3a\xf2\xd1\x6c\x71\x37\x55\x74\x33\x31\x6d\x0d\x5d\xf7\x8d\x29"
	"\x72\x65\x06\xd8\x0c\xf1\xd3\xa8\x26\xbf\x2b\xb0\xb7\x83\x79\xf3"
	"\xf4\xfe\xf2\xf2\x51\xeb\x34\x1a\x76\xf7\xcf\xe5\xff\xbe\x97\xc7"
	"\xc7\x8f\xab\x61\xcb\xbf\xc1\x68\xc1\x75\xe9\x3f\x92\x30\xbc\x26"
	"\x91\xe5\x6a\x76\xae\x45\xdc\x5d\x4e\xe7\x7f\xb8\xfb\xb7\xcb\x79"
	"\xff\xe3\x1d\x0c\x79\x7a\x76\x30\x3d\xe7\x8f\xca\x12\xfb\xd7\xee"
	"\xad\xfc\x16\xb2\x3a\xca\xa7\x49\x78\x3a\xbd\x4e\xbe\xb0\xca\xbf"
	"\x4e\x7e\x5e\x5f\xfe\xd6\x7a\x79\xb7\x42\xdf\xd0\x05\x92\xdc\x7f"
	"\x62\x3e\x83\xce\x37\x40\x31\x97\x8d\x06\xb5\x64\xc6\x59\xe8\x24"
	"\xcf\x53\x6a\x98\xd8\xf9\x66\xa1\x62\xb2\x77\xb2\xd1\x15\x53\x41"
	"\xe5\xfa\xfa\xc4\xb1\x78\x48\x63\xc9\x81\x23\xc8\x16\x7a\xcf\x5a"
	"\xa5\x5a\x44\xcb\xdd\xe1\xf2\xab\xb5\x9e\x37\xa5\xe7\xcb\x24\xdd"
	"\x5d\xca\x49\x74\x3a\xee\x2f\xfd\x2e\xf4\x3d\xc3\xc0\xa6\x0b\xc7"
	"\x0c\x8c\xb9\x75\x45\x22\x29\x01\x38\xb4\xd8\x5f\xbe\xbf\xec\x9f"
	"\xf6\x97\x0f\xe1\x60\x46\x9a\x8e\xec\xa7\xee\x32\x43\xb6\x9a\x25"
	"\xec\xf5\x88\xfc\xb4\xcc\xa8\x86\x4c\xbf\x65\xb6\x41\x10\x1a\x4c"
	"\xb1\x93\x0c\x40\xda\xb0\xdb\x03\x36\x67\x2e\xe0\xb6\xfa\x52\xee"
	"\xde\xde\xcf\xe5\x4b\x79\xbc\x4c\xde\x59\x4f\x0b\x58\xd5\x50\x64"
	"\xcc\x68\xa0\x87\xe9\x80\x71\x14\xca\x35\x35\x8c\x2d\xd9\xab\x28"
	"\xb7\x30\xe1\x7b\x0b\x2c\x69\x49\x59\xb2\x45\x83\xbd\xa1\x66\xdb"
	"\x90\x46\x96\x4b\xf3\xcf\x5b\xa0\x11\xf7\x0f\xb7\xa0\xd8\x91\x9e"
	"\x84\x3a\x24\xa9\x12\x63\x89\x4b\x67\x58\x7c\x05\x0e\x62\xa9\x85"
	"\xe6\x4b\x15\x4b\xb9\x04\x10\x32\x02\x4e\xa4\x6b\x2a\x76\xe9\x1d"
	"\xa1\x5e\x2e\x0c\xd2\x91\xe3\x18\x83\x2c\x84\xcf\x00\xb2\x90\x53"
	"\xf8\x22\xd1\x48\xc2\xb8\x90\x28\x0a\x62\xfd\xc4\xe5\x20\xf0\xc9"
	"\x0e\xb5\x99\x82\x9c\x56\xba\x44\x48\xa0\x03\x0e\x62\x89\x24\xff"
	"\xa0\x84\xc9\xe0\x88\x23\x47\x92\x2a\x68\xf4\x80\x2c\xc5\x1c\xff"
	"\xd9\xa2\xc1\x56\x1b\x64\x4c\xe3\x24\x63\xc3\x2d\x7e\x30\x61\x4d"
	"\xd1\x14\x14\xa6\x81\xaa\x1a\x26\xa6\x47\xd0\x75\x44\xfb\x93\x39"
	"\x54\x37\x10\x3b\x1a\x8e\x21\x2e\x99\x4d\xdf\x82\x79\x25\xe6\xde"
	"\xc8\x31\x1b\xc5\x0c\x53\xc7\xe2\x1d\x99\xaa\xad\x89\xed\xc9\xb6"
	"\xce\x3a\x44\xbb\x6f\xeb\x45\xa1\xa5\x20\x06\x3f\xdb\xd0\x52\x05"
	"\xa6\xbd\xd1\xee\xf9\x58\x5e\x2a\xb5\xa1\x70\xf6\xae\xd0\xcc\x5b"
	"\x1c\x42\xc4\xbd\x95\x32\x9b\x21\x33\xbe\xd6\x0c\x46\x64\xb1\x96"
	"\x2c\x76\x37\x1a\x54\xfd\x45\x16\x3a\xe6\x62\x17\x45\x8e\x6e\x6a"
	"\x86\x54\xe3\xc7\x2b\xc7\xf7\xdf\x66\x84\x97\x91\x63\xda\x86\x24"
	"\x87\x5f\x8f\xae\xd7\xdc\xaa\x93\xdf\x0f\x97\xfd\xeb\xa1\xfc\xdd"
	"\x13\x8b\xa0\x25\xbd\xcc\xf6\xf5\x66\xf3\x78\xd8\x1f\x07\x83\xd2"
	"\x11\x99\x5e\x4f\x17\xb6\x05\xed\x05\x0a\x5f\x76\x64\xb5\x15\x54"
	"\x49\x61\x1a\xb6\x2a\xc1\xa6\xa8\xb0\xaa\xea\xb8\x90\x8b\xb1\x72"
	"\x96\x84\x42\x09\xa1\xff\x11\x6f\x97\x5d\x77\x23\x0d\xa3\x64\xa6"
	"\x2a\x02\xf1\x27\x39\x97\x6f\xb0\xff\x0a\x79\x75\x9e\x28\x96\x12"
	"\x2d\x10\x96\x4a\x30\x85\xf3\x32\xc1\xba\x2b\x09\x55\x55\xa2\xa0"
	"\xad\x60\x94\x41\x93\x90\x31\x28\x22\xfd\x53\x13\x55\x16\x31\x08"
	"\x49\x3a\x58\x73\x2e\x0f\x03\x2b\xee\x6f\x13\x93\xf2\x96\x89\xa6"
	"\x58\xe2\xcf\xf8\x9e\x10\xb6\xb5\x59\xe2\x1d\xfd\x08\x56\xe1\xa2"
	"\xbe\xa6\xfa\xac\xab\x07\xac\x87\xe7\xf4\x7b\xff\x02\xb2\x1f\x18"
	"\x8f\x3e\xed\xdf\x2a\x53\x7f\x41\x05\x61\xe0\x92\x14\x32\x12\x78"
	"\x98\xc7\x14\x4d\x7d\x2c\x73\x6f\x3e\x33\x31\x85\x32\x7b\xc8\x1e"
	"\x5a\x71\x97\x2f\xaf\x70\xe6\x41\x18\x87\xb1\x7e\x10\x15\x3c\x6c"
	"\x6e\xec\xc4\x9b\x04\x31\xe0\x8c\xc2\x7c\xa6\x58\xd8\x6e\x11\x25"
	"\x0a\x72\x35\xc1\xa1\x29\xb2\x0f\x3c\x50\x64\x47\xe3\x90\x26\x0a"
	"\x19\x99\xdc\x47\xed\x68\x6a\xd1\x35\xba\xc3\x6d\xb3\x64\x85\x60"
	"\x98\xe4\x67\x91\xf8\xf9\xea\xfe\x34\xe8\x66\xcb\x83\x72\x1e\x52"
	"\xc7\x16\xd9\x34\x06\xe9\x1d\x84\x74\xee\x1a\x48\x2d\x02\x67\x50"
	"\x00\xdd\x59\xac\xd3\x7f\xaa\xfd\xf2\xad\xde\x6a\x36\x49\xb3\x00"
	"\x72\x3c\xc1\x8d\xb7\xd3\x36\xed\xe3\xc6\xeb\x01\x64\x62\x4d\x21"
	"\xb4\x26\x09\xc3\xce\x4d\x5b\x42\x9c\x15\x1a\xab\x8e\x4d\x0c\xf6"
	"\x08\xfb\x23\x4b\xe3\x30\x44\xee\xda\x7c\x41\x74\xfa\x64\xf9\x30"
	"\xa1\xef\x3f\xde\xb8\x05\xc5\xed\x72\xbb\xce\x00\xd7\x8f\x73\xcb"
	"\xfe\xac\x4c\x54\x51\xf3\xa0\x55\xbc\x26\x3c\xe2\x2f\xd0\x8a\xe5"
	"\x19\x56\x47\x92\x93\x42\xb3\xd7\x11\x8f\xea\x3b\x4e\x05\xf5\x89"
	"\x86\x93\xd1\x08\xae\x65\x9b\x62\xb0\x65\x97\x35\xc2\x61\x43\x9e"
	"\xa0\x5e\x5d\xdc\xc6\x80\x11\x20\x4b\xff\x50\x11\x97\x94\x67\xf0"
	"\xd6\xe6\xd3\xfe\xa5\x3a\x8a\x0e\x13\xa2\xf0\x0b\xe0\xb6\xc1\x0f"
	"\x77\x62\xa0\x9b\xba\xf0\x36\x9e\x82\x48\xef\x43\xa7\x89\xca\x1f"
	"\x62\xe8\x20\x31\x0f\xd6\xae\x97\x32\x96\x71\x30\xac\x1d\x13\xa5"
	"\xf7\x54\xe3\x17\xfb\xb7\x1f\x7b\x08\x72\xf3\xf7\x5f\x7f\xd5\x3f"
	"\xfe\x75\x7c\xaa\x7e\xb5\x82\xb9\x0c\xdf\x28\xb3\x81\xca\x52\xe2"
	"\x78\x4c\xc8\xdf\x14\x95\xb3\x47\x6b\x4d\x9c\xaf\xb7\x6e\x10\x89"
	"\x26\xad\x4b\x5a\x66\x31\x4d\xf0\x97\x96\x8c\x1b\x49\x9c\x56\x33"
	"\xb1\x05\x3d\x70\xc6\xa0\x7b\x7d\x1a\x88\x3c\x09\x7d\x2a\xb2\x86"
	"\xc9\x3c\xaf\xb1\x98\x60\x3f\x45\x76\x36\x4c\xa4\xf7\x86\xd6\x24"
	"\x51\x80\x90\x57\xc0\xd0\x4d\x6a\x77\x9e\xf8\xfb\xf2\xf0\xc4\x75"
	"\xc3\xec\xd8\xfd\xb8\xe3\xce\x67\x5f\xd6\xbe\xf3\xb5\x15\xef\xbf"
	"\xe9\x9e\x3c\x29\x92\xa9\x5e\xdc\x7c\x9b\xab\x4f\xdb\x9f\x5f\xfe"
	"\xda\x9d\xcb\xa1\x11\x0b\xe7\x47\xea\x04\x85\x7f\x3f\xb0\x53\x80"
	"\x62\x67\xe9\x39\x2b\x64\x39\xe1\x96\x67\x4e\x12\x80\x39\x6a\xc6"
	"\xb6\x0f\xf1\x75\xb7\x1f\xa4\xd1\x3d\x49\x3d\x18\xf2\x88\x08\x13"
	"\xdf\x81\x57\x42\x65\xc6\xe6\x38\x9d\xfb\x9c\x45\x1c\x2f\x42\xef"
	"\x5a\x85\x78\x2a\x7a\x94\x1b\x81\x08\xb6\xbe\xe7\xf3\x6e\xf2\xb3"
	"\xf9\xf4\x9e\xda\x70\x0f\x5e\x4b\x7c\xd1\x6b\x9b\x2d\xf1\xf0\x8d"
	"\x60\xed\xea\xd6\x81\x93\xda\xad\xf1\xf2\x4c\x2b\x10\x33\x07\x86"
	"\xe9\x3d\xec\x86\x18\x9d\xd0\xb2\xbc\x60\x03\xe9\x15\xe3\x94\xd7"
	"\xd9\x83\xfe\xaf\xb2\x2b\x6b\x6e\x23\xd7\xd5\x7f\xc5\xe5\xa7\x73"
	"\xab\x3c\x13\x4b\x5e\x62\x3f\xf8\xa1\x17\x4a\x62\xd4\x9b\xc9\x6e"
	"\xdb\xf2\x4b\x97\xe3\x28\x89\x6a\xe2\xa5\xbc\xd4\x24\xe7\xd7\x5f"
	"\x80\xec\x6e\x91\x4d\x82\xf2\xa9\xca\x4c\x22\xe2\x6b\xee\x04\x01"
	"\x10\x04\x67\xb2\xc5\x80\xc8\x37\x50\x83\xcc\x25\x49\x96\x34\x82"
	"\xd7\xab\x11\x85\x15\x2a\x84\x27\x37\x1f\x2d\xea\x3f\xb1\x68\x66"
	"\x8d\x8f\xc9\x38\x4b\x5f\xe2\x74\x6a\x82\xf1\x37\x09\xc6\x40\xbc"
	"\x71\x1f\xf8\xd2\xd8\x91\xb8\x44\x3e\x43\xf5\xd8\x17\x9a\x74\x43"
	"\x93\xe6\x33\x49\x8e\x41\x99\x04\x88\x71\x1d\xa8\x4b\xc1\x33\xf7"
	"\xd3\xbe\x75\x53\xf5\x9d\xe1\xf7\x8c\x09\xb2\x8e\x6a\x37\x15\xfe"
	"\xdc\x44\x75\x2d\xdc\x64\xcf\x88\xf6\x24\x63\x44\xb7\x8b\x06\x69"
	"\x6a\xed\x05\x2b\x45\x0c\xad\xa6\xaa\x70\x66\xbc\xf8\xc2\x12\xa4"
	"\xfb\xd7\x66\x97\x0d\xc6\xe0\x46\xd1\x9a\xc4\x61\x40\xc1\x1b\xff"
	"\xd0\x7b\xe7\x2a\x3a\xc4\xcd\x46\x8b\x47\xa7\x75\x61\x64\xcb\xca"
	"\xdb\x2c\x8e\x5e\xb9\x40\xe7\xe6\x6b\x79\xe8\x35\x88\x91\x08\x57"
	"\x04\x7d\xdc\x0f\xbe\x64\x90\xa6\xe6\x92\xa2\xf1\x22\xe3\x05\xd3"
	"\x41\x70\x2d\xcc\x15\x73\x06\xa6\x4f\x0c\xad\x86\x0e\x11\x37\x3c"
	"\xab\x39\xf0\x26\x3e\x2f\x22\x7c\x86\xc1\xaa\x40\x51\xd6\x7c\x66"
	"\x2c\xe3\x74\x9c\xc0\x75\x82\x72\x61\xb4\xaa\x10\x69\x82\xa7\xec"
	"\xcb\xa6\xac\x0d\xf7\x62\xf5\x13\x23\xb9\x2b\xef\x59\x15\x85\x79"
	"\x06\x1b\xb0\x21\x8b\x62\x68\xe6\x0e\x06\x0c\xb6\x18\x5d\x88\xd7"
	"\x04\xaa\xa1\x9a\x5a\x0b\x66\x2d\xfb\xcb\x59\x5e\xb7\x57\x13\x1f"
	"\x5e\x51\xa6\xa3\xea\x25\x75\x66\x47\x36\xa8\xcb\x99\x3c\x26\x66"
	"\xbd\xe2\x9a\xd6\xb4\x4a\x46\x0f\x7a\xf4\xac\x00\x86\x20\x8b\x56"
	"\x23\xf0\x36\x15\xb8\x53\xca\x05\xac\x0c\x50\x05\xfc\x9b\x9b\x81"
	"\x45\xd1\xc6\x37\xf9\x39\xcc\x20\x96\xb3\xa2\x8e\x32\x5d\x50\x77"
	"\xd1\xfb\xfe\xa7\xfd\x04\xcf\x4c\x2a\xe6\xe8\x9e\xdc\xa6\x7f\x89"
	"\x32\xff\x94\x5e\xa5\x6a\x3b\x72\x76\x23\x2e\xcb\xf3\xd3\xd3\x43"
	"\x8b\xcd\x7c\x29\x33\xce\x8c\x49\x7a\x0b\x20\xbb\x91\x4d\x3a\x1b"
	"\xf5\x9e\x36\x3c\x94\xf2\xd3\x2c\xaa\x3f\x15\xb5\xbf\xb0\xd9\x88"
	"\x9f\xe5\x12\xbe\xb0\x52\xae\xc6\x10\xfc\xdd\x87\x4d\x4c\xca\x94"
	"\x61\xa4\x85\x8b\xe3\xa3\xcf\x3e\x3a\x2f\xd1\xf3\x1b\x74\x94\x8b"
	"\xfd\xcd\xeb\xd3\xd9\xd9\xc9\xf9\x5f\x93\x7d\x73\x4e\x6f\xa1\x4d"
	"\x3d\x3b\xf3\xee\xa3\xe3\xf2\x75\x8a\xa7\x84\xf7\xb7\xef\x67\x46"
	"\xe6\x45\xed\x70\x7e\x2d\xb0\xbf\xae\xdf\xbf\x3d\x81\x84\xe0\xe9"
	"\x0e\xf4\x70\x1f\xcd\x1e\x95\xb4\x24\x5e\x42\x52\x44\x8c\xc7\x59"
	"\x67\xe6\xf2\x2a\x31\xb0\xf5\x9c\xe1\x3b\x77\x1c\x38\x98\x93\x1d"
	"\xe8\x95\x59\x2a\x58\x41\xe5\xd8\x98\xd2\x3d\xc8\x61\x85\xd9\xfe"
	"\x51\x68\x43\x50\xb6\xed\x0a\xab\x84\x2d\x7f\xa6\x34\xf4\x7e\xd3"
	"\xf2\x5b\x4f\x1a\x50\x45\xb3\x98\xd8\x37\x3b\x6a\x4b\xc4\xd8\x18"
	"\x5e\x4c\x9c\xf3\x79\x54\xd4\x5c\x77\x86\x79\xbd\xaa\x0f\x12\x6f"
	"\x4e\x3c\x2e\x75\xc0\x13\xbc\xb3\xc3\x72\x7b\x01\x0b\x0c\x97\x4c"
	"\xef\xe3\x51\x1a\xa0\xcd\x68\x1a\x53\xac\xdf\xcf\x74\xba\x10\xef"
	"\x76\xd7\x2e\xe8\xbc\x80\xa4\xdf\xe1\x24\xe4\x90\x40\xf5\xe3\x40"
	"\x0d\x69\x52\x22\xa2\x9c\x20\xc9\xcb\x26\x92\x0b\x82\x78\x15\x10"
	"\xb3\x72\x5e\xc0\xa4\xa1\xe4\xac\x3c\xd0\xfa\x8a\xa6\x5d\x16\x37"
	"\xc7\x41\xea\x29\x4d\x15\x9e\x42\xfb\x85\x82\x0f\x40\x98\x9b\x9a"
	"\xfa\xdd\xde\x82\x4e\x39\x08\x36\xd6\xc2\xd3\xf4\xec\xb6\x1c\xc8"
	"\x7e\x03\x40\x8f\x3b\xf6\xe2\x6c\x94\x51\x50\xa0\x1a\x3d\xb3\x72"
	"\x50\x0e\x60\xff\xbf\xbf\x36\x5f\xf7\x1d\x94\x7a\xf9\xc6\xf9\xba"
	"\xbb\x6a\x63\x27\x8a\xc8\xd6\x93\x57\xf2\x8a\xea\xdc\x86\xea\x5a"
	"\x26\xca\x7e\x75\x6e\x67\x62\x97\x46\xca\x05\x03\x60\x24\x0a\x0f"
	"\xe9\x3e\x89\xb1\xa7\x79\xd4\x9b\x9e\x74\xcb\x2b\x6f\x3d\xaa\xa4"
	"\x6a\xda\x65\xbd\x10\x2c\xf2\x1f\x1d\x81\x00\x84\xf7\x17\x4d\xa6"
	"\xe2\xbb\xb8\x6f\x06\xde\x82\x1f\xdb\xa1\x30\x36\x2c\x83\xdc\xef"
	"\x78\x2d\xec\x78\x96\x0f\xa2\x49\xfb\x4c\xd8\xb3\x6d\x10\x71\x96"
	"\x64\x81\xce\x88\x53\xdd\x11\x68\xfa\x11\xd0\x87\x8a\xfb\x40\xc5"
	"\xa9\x18\xe6\x23\xd0\xe4\x23\xa0\x8f\x54\x9c\x38\x6e\x1c\x81\x8e"
	"\x3f\x02\xfa\x48\x17\x10\x5e\xcd\x23\xd0\xf9\x6e\xd0\xb9\xed\x85"
	"\xe3\x85\x9c\x1c\x92\x93\xe8\xfc\xe8\x03\x9d\x73\x7e\xfc\x81\x8a"
	"\x9c\x7d\xa6\x3b\x07\x04\x49\x9c\xe5\xed\xd9\xee\x6c\x26\xd3\x8f"
	"\x4c\x46\x40\x4d\x88\x66\x47\x32\xe1\xdc\x5e\x6d\x7d\xf1\x93\x71"
	"\x37\xf4\x84\xe9\xce\x9a\x1f\xed\x44\xec\x6e\xfd\xc9\x4e\xc4\xe9"
	"\x4e\xc4\xe7\x9d\x88\xf3\x9d\x88\xc9\xee\xc6\x4c\x76\xb7\x66\x42"
	"\x37\x67\x59\xf2\xb3\x56\x84\xc9\x0d\x49\xce\xa3\x04\xb7\x64\xe2"
	"\xa9\xc4\x1e\x91\x30\xd0\x7f\x93\x1d\x10\xd0\x4a\x1b\x51\x86\x41"
	"\xa2\x8c\x6a\xbe\xab\xb0\x95\xe0\x59\xb6\xa3\xb8\x79\xc4\x76\x42"
	"\x40\xa1\x5d\x06\x11\x3c\xc1\x47\x22\xd3\x30\xa6\x68\x88\x37\x6c"
	"\xac\xee\xdb\xd5\xa8\xba\x11\xcb\x51\x18\x18\x03\x81\x9a\x92\x75"
	"\x9d\x32\xf3\xbe\x98\x55\x70\x5c\x93\x96\x8e\xa8\x93\xda\x02\x2f"
	"\x5c\x66\xfc\x36\x52\x66\x10\x9f\xe1\xde\x8a\xcb\xd7\x0c\x58\x47"
	"\x97\x5a\xae\x5f\x1e\xd7\xbf\xf6\x7e\xde\xdd\xff\xb3\x79\xfc\xd1"
	"\x5b\x59\x9f\x5f\x36\x8f\x6f\xff\xe8\x13\xd1\x87\xf5\xeb\x0f\x37"
	"\xbc\xa1\xb2\x40\xe8\x5b\xfa\x96\x5e\x80\x72\x0e\x3e\x34\x94\xb1"
	"\x2b\x96\x0d\x5b\xf1\xe7\xed\x0d\x01\x29\x91\xc7\x38\x88\x63\x43"
	"\x9a\x2e\xcb\xba\xcf\x3f\x65\x54\xac\xc4\xfe\x05\x75\x7f\xbc\xcf"
	"\xe4\xe9\xe1\x19\xd4\xc3\xbf\xde\x36\x0f\xeb\x3d\xd0\xeb\xef\xff"
	"\x79\x55\xad\xb9\xd7\xe9\x2f\x46\x83\x8c\x4b\xa5\x18\xba\x0a\xef"
	"\xe9\xfa\x84\x23\x1d\x50\x0a\x8d\x2d\x00\x04\x99\x2f\x89\x6a\x66"
	"\xe8\x78\x1d\x3d\x6f\x64\xad\xed\x7f\x86\xba\x0d\x12\x9d\xfe\xf2"
	"\xe2\xe8\xf4\xf0\xd0\x3c\x02\x11\xbc\x02\x9e\x8a\xc7\xa1\x39\x75"
	"\x3c\x18\xa5\xfa\x9e\xba\x24\x5e\x70\x2b\x1a\x89\x4f\x34\xad\xf2"
	"\xb8\xcc\x08\x79\x58\x3d\x81\x7c\x5d\x10\xa7\x01\xdd\x3b\x90\x84"
	"\x5a\x00\xe5\x33\xd1\x99\x34\x03\x9f\x4b\x6d\xac\x44\x25\x30\x8f"
	"\xea\x64\x41\x38\x9e\xd8\x20\xdd\x9b\x65\x91\xad\x28\x1d\xf4\x1a"
	"\xb4\xcf\xae\xff\xaa\x52\xd9\xc1\xe4\xb8\x5f\xbb\x74\xfb\x76\xb2"
	"\x6a\x51\x29\x12\xe8\x76\x16\x2d\xf1\xc0\x76\xfc\xe4\xc4\xd6\x25"
	"\x87\x2b\xfd\x5f\x5c\x9a\x76\xcb\x21\x71\xb0\x52\xe8\xf1\xbd\x38"
	"\xfc\x3d\xf1\xa1\xc6\x0f\xfb\x75\x51\xd0\x40\xef\x67\x59\x6f\x5f"
	"\xca\xd7\x0f\x4f\x2f\x7f\xf6\xd2\xf5\xd7\xf7\x1f\x3f\xf4\x5a\xb3"
	"\x87\x88\xdd\xd4\xac\x20\x4d\xb9\x3a\x4b\x04\x62\x94\xce\x84\x1e"
	"\x69\xe8\x10\x59\xa2\x45\x70\x47\x36\x30\xb7\x66\x01\x88\x28\xf1"
	"\x61\x70\x3a\xa4\x84\x46\x95\x31\x9a\xa9\x09\x25\x36\x6b\x62\x65"
	"\x6f\x97\xd4\xd9\x51\xd7\x4d\x39\xcb\x33\x18\x26\x77\x08\x7b\x4a"
	"\x68\xe2\xd5\x78\xba\xde\xc8\x91\x21\x63\x84\xba\xca\x43\x56\x8e"
	"\x0e\xa3\x19\xa5\x5b\x8b\x8e\x10\xc8\x5e\xdf\x17\xa6\x9f\x3f\xeb"
	"\x3a\x5d\xcf\x42\x98\x38\x95\xa4\x4f\xd3\xa0\x4e\xcb\x48\x46\xc5"
	"\x28\xf8\xd7\x96\xa0\xee\xd4\x46\xa6\x51\x3c\x49\x54\x33\x34\xb5"
	"\x73\x00\x20\xa8\xdb\x6f\xb7\x7e\xb8\x48\xf0\xd4\xa7\xfb\x00\xfb"
	"\xf7\xe2\xd0\xe9\xb3\x65\x52\x5e\x39\x65\xc0\x07\x90\xdc\x9d\x16"
	"\x57\xd6\x89\x20\xe2\x43\xc3\xb8\xe0\xe2\xd2\xb5\x7d\xe2\x5a\xd9"
	"\x43\xf7\xfd\xf7\x67\xcd\xbf\x17\x77\x8f\x3f\x46\xe1\x1d\x66\x35"
	"\x1e\x2c\x34\x55\xf8\x16\xa0\x26\xb6\x8b\xa6\x98\x43\x0f\x48\xff"
	"\x94\xba\xbe\x04\x8e\x03\x8c\x29\x2d\x7d\xfa\xb1\x7a\xab\xa5\xc5"
	"\x00\x7f\x65\x65\xda\x0b\xcc\xe4\xf6\x2a\xca\x1a\xb6\x75\x24\xd1"
	"\x44\xdc\x25\xcb\xa6\xde\x26\x4b\xe0\xa7\xa9\xfb\x8a\x99\x4e\x1e"
	"\xef\x40\x36\xd9\x59\x50\xa3\xaf\xf5\x82\x60\x45\xba\x93\x67\x63"
	"\xad\x96\x8c\x55\x3b\x58\x05\x88\x55\x79\xe5\xc6\x3d\xc6\x51\xd9"
	"\x32\xb3\xbd\xff\xbc\x3e\x6f\x1e\xf1\xb2\xc6\xeb\xc1\xde\xc3\xfb"
	"\xdb\xfa\xf7\x1a\xfe\xb1\x7e\xbb\xff\xfb\xef\xbf\xff\xcf\xdd\x64"
	"\x45\x0d\x3b\x65\xcd\x6e\x98\x0c\xcd\x09\x4f\xec\xa5\xf1\xc2\xdb"
	"\x99\xc9\xf5\xb5\x06\x01\x37\x2a\xaf\xab\x88\xf0\x2b\xd0\x58\x75"
	"\xc0\x15\xe0\xae\xa2\xbc\x1a\x4e\xb1\xfc\x5e\xc4\x98\x01\x0e\x50"
	"\xa0\x90\xa8\x2e\x51\x6c\x91\x19\xf4\xfc\x8e\xba\x60\xb4\xc8\xa8"
	"\xe2\x83\x7c\x27\xe9\x42\x61\xda\xe3\x41\x15\xcd\xae\xb7\xfd\x40"
	"\x7b\x79\xa8\xa9\xa3\x16\xaf\x39\x29\xd5\x26\x0d\xbd\x02\xa2\x86"
	"\x64\x0c\xdf\x83\x14\x20\x44\x97\x79\xa0\xf2\x4b\xbd\x2d\x84\xd9"
	"\x3e\xfc\x77\xc5\x44\x5c\x4a\xe6\xb2\xdc\x2d\xcd\xe7\x57\xa2\x3b"
	"\x88\xcb\xda\xfd\x10\x7a\x0b\x09\xa1\x59\x15\x9a\xec\xea\x80\x8e"
	"\x8f\x82\x69\x8f\x30\x89\x80\x4e\x28\x40\xad\xc9\xdc\x93\x09\x91"
	"\x34\xc4\x06\xaf\xe6\x0e\x92\xbd\xc6\xfc\x5d\xa3\x07\x1f\xaa\x38"
	"\x2b\x61\x04\x95\x8d\x01\xc1\xfd\x07\x86\x19\x46\xb3\xe7\x49\xa7"
	"\x87\xa3\x4c\x04\x15\x74\x05\xa9\xec\x52\x06\x5e\x17\xef\x96\xdc"
	"\x65\x27\x7b\x09\xfa\xa1\xaf\x6e\x98\xd5\xdc\x05\xb9\x07\xfd\x5e"
	"\x88\xd0\xa5\x50\xe1\x45\x59\x57\x99\xde\xeb\x6b\xd6\xfb\xca\xf9"
	"\xd5\xaf\x6e\xfc\x30\x36\x59\x29\x76\x1d\xa2\x7f\xe0\xa0\x3d\x83"
	"\x12\x8b\x64\x55\x97\x15\xf1\x32\xbc\xea\x2e\x31\xda\xac\x67\x4d"
	"\xa1\x25\xdd\x30\x75\x2e\xa2\x6a\xe1\xc7\xf4\xda\xcd\xac\x5f\x8e"
	"\x56\x06\x7a\x83\xcd\x93\xb2\x01\xf1\x18\x54\x91\x52\xa4\x23\x08"
	"\x9e\x68\xa9\x51\x46\xa4\x12\x91\xe5\x38\x9a\x68\xf7\xa1\xce\xc5"
	"\x38\x8d\x52\x79\x27\xf6\xb3\xb6\x42\x05\xae\xed\xa3\x8f\xf4\x2a"
	"\x0f\xc6\xa5\x51\x78\xeb\x54\x1f\xc7\x07\x87\x54\xbf\xa2\xe0\x34"
	"\xcf\xc1\x77\x09\xee\x5b\x66\x33\x87\x15\x8d\xfa\x95\xe0\xd2\x6a"
	"\xbf\x02\x71\x42\x57\x90\xb8\xab\x26\x2e\x41\x72\x98\x7d\x20\xa3"
	"\x10\x44\xef\xb8\x01\xc0\xe2\x1a\x26\x50\x08\xd0\xa9\x8d\xbd\x96"
	"\xa1\x91\xfe\x2a\x77\xa3\xde\x8d\x2c\xe1\x4d\xad\xbe\x6f\x65\x01"
	"\x22\xe6\xe8\x4d\xbf\x5e\xb9\x06\xe6\x0d\xa3\x02\xfc\x48\xf9\x64"
	"\x14\xa5\x1d\xb5\xb4\x4f\x8f\x0a\x58\x4a\xa8\xe1\x76\x1f\x10\x7b"
	"\xec\x00\x87\xa9\x16\x04\x6a\xa9\x24\xd0\x11\x71\xb6\x54\x6f\xb5"
	"\xa9\xa8\x33\x23\x0e\xd4\xab\xba\x2a\x7a\x62\x37\xaa\xdb\x69\x12"
	"\x57\x33\x27\x6d\x84\xb4\xfb\x47\x2d\x87\x36\x86\x75\xbd\xc8\x23"
	"\x41\xbc\xbf\xb5\x9d\xf0\xff\x03\x12\x5a\x09\x1c\xb8\xa2\xb9\xb4"
	"\x1e\x42\x06\x42\x22\x6a\x01\xea\x60\x83\xf0\xb6\xc4\x5c\x75\xfd"
	"\x55\x78\xa3\x71\xf4\x22\x73\xe6\x49\x32\xdc\x94\x56\x40\x5b\xac"
	"\x3b\xa5\xfc\xe7\x91\x12\x31\xfc\x56\x14\xf1\xfe\xa8\x0c\x28\xf5"
	"\xfa\xf5\x6d\xb4\xa1\x61\x13\xd5\x56\x0b\x12\x38\xf1\xa0\xb5\x82"
	"\x90\xd4\xb8\x97\x35\x94\x44\x12\xd8\xd8\x62\xf4\x54\x09\x04\xe8"
	"\x46\xed\x1f\x3b\x34\x0c\xd3\x3e\xdb\x34\x5d\x8b\x65\xa7\xc7\x61"
	"\x63\x9a\x6a\xd2\x82\xdd\xa4\x4d\x5e\x05\xda\x5c\xab\x49\xb1\x60"
	"\x59\x45\x8d\x8e\xc2\x2d\x01\x58\x13\x21\x1d\x15\x40\x19\xc1\x66"
	"\x34\x3d\xe6\x75\x1e\x05\x2a\xd2\x34\x3c\xa5\xa9\x02\x54\xb6\x85"
	"\x8a\x22\x18\x68\x6b\x44\xc4\xb2\xd6\xe3\x4f\x3c\x72\xaa\x0b\x97"
	"\xa8\xef\x96\xd5\x2a\x50\xff\x2a\xd0\xb8\xa0\xf3\xa8\xee\x67\xe5"
	"\xb6\x11\xa8\x01\x6d\x3d\xec\xc6\x29\x42\xdf\x86\x25\x5b\x85\x06"
	"\x29\x2f\x03\x7d\x08\x9a\x3f\xa9\xf5\xf7\x65\xa0\x20\x4f\xbd\x8b"
	"\xce\x72\x3a\x66\x27\x9a\x57\x8a\x56\x59\x61\x60\xa3\x16\x4d\x45"
	"\x4a\x29\x32\xc2\x48\x7d\x3b\x8c\x0a\xf3\xd4\x72\xb6\xc7\xdf\x21"
	"\xa3\x48\x13\x2b\xf5\x1f\xf4\xd7\x9a\xdf\xb2\xf1\xa5\x06\x45\x0d"
	"\xdb\x54\xd0\xe1\xbb\xe5\x52\x29\x54\xd7\x2c\x1d\x79\x29\xc3\x4a"
	"\xab\x6a\x5c\x46\x2d\x19\x92\xc3\x42\x29\x06\x45\x18\x29\x2b\xf5"
	"\xb4\x40\x2f\x78\xf0\x54\x04\xb2\xd3\xba\x0b\xb6\x48\x09\x29\x20"
	"\x03\x48\x16\x52\x17\xae\x6f\x42\xba\x5c\xc6\xe7\x45\x67\x29\x0b"
	"\x95\xc9\x32\x0c\xce\x48\x0d\x34\x76\x80\xc4\xe7\x72\xdd\x18\x99"
	"\xeb\xfb\xf7\x17\xbc\x9a\xe4\x98\xdf\x71\xce\x9a\x0e\x46\x2b\xed"
	"\x0b\x1a\x59\x2a\x11\x72\x1f\xe0\xd0\x28\xa5\x01\x02\x79\x12\xe1"
	"\xbe\xd2\x65\x41\x48\x28\xca\xc7\x06\x76\x1b\x12\x02\x84\x36\x5d"
	"\xb4\x25\x94\xa7\x0e\x19\xa8\xeb\x89\xda\x43\x00\xf6\x1c\x26\xd5"
	"\xc5\x17\x60\x93\x5e\x25\x71\x40\x2a\x95\xa7\xdb\x05\x7b\xbc\xe1"
	"\x46\xe5\xf1\xbf\x1d\x3e\xbd\x86\xff\x2b\xd1\x6a\x51\x96\xcb\x70"
	"\x85\xfc\xde\x43\x7d\x46\x9d\x13\x82\xb7\x90\xde\x41\xe1\x66\x26"
	"\xf2\x70\x9b\xc7\x96\x87\x5e\xbd\x90\x39\x06\x30\xab\xd0\x6f\xa7"
	"\x8d\xd2\x54\x5c\x1c\x4d\x3f\x9f\x9e\x59\xab\x77\x11\x09\xd0\x37"
	"\xa1\xff\x91\xa1\x22\x3f\xd5\x26\x8a\x48\xbb\xa5\x0d\xc8\x11\xc8"
	"\x72\x7a\x72\x72\x40\xfb\xaf\xac\x88\x33\x2c\x50\xde\x94\xff\xaa"
	"\x2c\x1b\x91\x10\x4f\x30\x21\xdf\xc4\xdc\x80\x39\x32\xbd\xcf\x19"
	"\xe3\xe2\x23\xab\x1e\xb8\xd8\xff\xa4\x1d\xf6\xda\xf5\xef\xb7\x4f"
	"\x5f\x37\x8f\x9f\xee\xd6\xeb\xf6\xfe\xe9\x65\xdd\x7e\x7f\x7a\xf9"
	"\xf7\xee\x45\xdd\x51\x19\xf7\x1d\xec\xc8\xbc\x68\x6e\xbc\x23\xd0"
	"\xd1\xd4\x99\x51\x15\x91\xb1\x51\xc7\xf0\x94\xcb\xf1\xbe\x47\x42"
	"\x99\x0a\x32\xe6\x4e\xbb\x01\x11\x5d\x25\xda\xcc\x1d\xc0\x28\x5b"
	"\x9c\x60\x97\x78\xe3\xa2\xb3\x11\x1e\x92\x60\xc9\x53\x98\xbb\x6a"
	"\xef\xc5\x2d\x5e\x5e\x9c\xfb\x9a\x92\x53\x41\x3c\x07\x08\x88\x34"
	"\xe5\xaa\x0c\x63\xa2\x0a\xba\x2d\x27\x8c\xa6\x03\x2a\x2b\xa3\xb4"
	"\xe2\x45\x18\xb4\x8a\x88\xa7\xd3\xb6\x75\x8e\x66\x78\xdd\x8d\x10"
	"\x4a\x8c\xd2\x92\x65\x5a\x5e\x17\xb8\x3c\xbc\xee\xbb\x35\x9b\x8f"
	"\x17\xfe\x90\xb8\xf5\xda\x0e\x7d\xaa\x82\xef\x5b\xcc\x92\x13\x95"
	"\x67\xde\xb3\x83\x5e\x61\x0b\x4d\x52\x07\x33\x0a\x8f\xb3\xe5\x01"
	"\x17\xfb\x68\x39\xfd\xf6\xf4\xef\xe3\xc1\x9f\xbb\x87\xbb\x83\x5f"
	"\x4f\x77\xdf\x9e\x37\x8f\x07\xaf\x77\xdf\xd7\x80\xdc\x7c\x3b\xc0"
	"\xa7\xb2\x7f\xe0\x56\x70\xf0\xba\xfe\xb5\x79\x7c\xff\x7d\xf0\xfa"
	"\x70\x77\xff\xcf\xc1\xdb\xd3\xc3\xd3\x9f\xa7\x83\xbb\xe7\xe7\xbb"
	"\x97\x87\xa7\x97\x83\xaf\xcf\xdf\xf7\x47\x07\xbb\xb0\xa8\xd4\x95"
	"\xd8\xed\x1e\x62\x1e\x47\x6d\x1e\x37\x18\x24\x64\xf3\xdf\xbb\x2e"
	"\xa4\xce\xd0\x53\xbc\x13\x5e\x1c\x1d\xd1\x20\xa1\xde\x07\x0b\x1b"
	"\x24\xf0\x82\x10\xce\x2d\xe8\x2d\x23\x1c\x06\x14\x4e\x39\xfb\xe3"
	"\x4e\xe9\x7f\xd2\xdd\x01\xcf\x50\xe0\xf7\x63\x07\x0f\x4b\xd8\xb9"
	"\x86\xf7\xef\x92\x97\x3f\xcf\x6f\x4f\x7b\xc8\x6e\xf6\x9e\x5e\xf6"
	"\x7e\xae\x7f\x3d\xab\x7b\x45\x16\x18\xef\x1b\x58\x61\xcd\xad\xe4"
	"\xa9\x9b\xce\xa2\xd4\x9b\xe8\x42\x41\xc5\x4d\x78\xb5\x30\x59\xe5"
	"\x98\xe2\x7e\x84\x4c\xc0\x9b\xe8\x42\x85\x65\x85\x19\xd2\xbc\x40"
	"\xd7\xa1\xb1\xaf\x3a\x59\x93\x88\xaa\xfd\xb2\xaa\xa6\xbe\x44\x37"
	"\x07\x14\x51\x3c\xd5\x91\x56\xd0\xf4\x2e\x35\x5d\x90\x03\xda\xb2"
	"\x24\x75\x3b\x25\x8f\x0a\xd8\xd5\x04\x95\x3e\xf5\x94\x81\x5b\x14"
	"\x5d\x4a\xf7\x61\xbf\x59\x28\x01\x4e\x3a\xd9\xcf\x67\x93\xe9\x59"
	"\xde\x64\x0e\xa1\x68\x32\x7f\xa2\xaf\x26\x95\xfa\x9b\xae\x0b\x8a"
	"\x19\x97\x0d\x6b\x98\x93\xa3\xfa\x2b\xf5\x64\x99\x6b\x0a\x9d\x67"
	"\xd4\xd4\x0b\x90\xee\x3c\x9f\x12\x06\xe4\x8e\x2a\x79\x3e\x04\x2d"
	"\x8f\xde\xdf\x7e\x62\x3c\x84\xfb\xbb\xb7\xf5\xb7\x3d\xf6\x78\x8f"
	"\x6b\x0c\xef\x39\xfe\xbb\x79\xfb\xb9\x17\xbd\xbe\x3e\xdd\x6f\x14"
	"\x29\xbd\x7b\xbb\x73\xd6\x5a\x92\xe4\x6e\x7f\x7a\xd2\x92\x45\x04"
	"\x7f\xa6\x87\x55\x99\xad\xf0\x65\x6e\x07\x20\xd9\x25\xbf\x72\x52"
	"\x19\x7c\x04\xcc\xe2\xaa\xaf\x6c\xac\x82\x89\x3d\x3c\x7d\x33\x6f"
	"\x5e\xf6\x45\xc4\x89\x5b\x6c\x2d\x3c\x69\xd2\x53\x4e\xec\xe9\xc4"
	"\x4c\x5c\x13\x6e\xdf\xdd\x88\xc7\x09\xdd\xc7\x37\xb6\xdd\xaa\x5f"
	"\x54\x6c\x85\xf1\xe8\x43\xd9\x46\x29\x8f\x8a\xba\x71\x6f\x55\x2e"
	"\xee\x5e\x7f\x52\x6d\x07\x51\xc2\xe5\x31\xbe\xc4\x1b\xdd\x4d\xe3"
	"\x42\xaf\xbc\x0f\xad\x6e\x7e\xac\x5f\xdf\xdc\xc2\x44\x72\x34\xf5"
	"\xf4\x35\x26\x7b\xb2\x8e\xb3\x68\xc9\xa6\x71\xa8\xc9\xf0\x69\x3d"
	"\x39\x4c\xf9\x8c\xee\xce\xb9\x97\x8d\x1a\xd3\xc9\x59\x3c\xe9\x71"
	"\x80\x31\xa4\xde\x4f\x38\x4c\x37\xb4\xb6\x11\x7e\x6a\x3d\xb7\xcb"
	"\xd3\x09\x11\xd9\xc8\x40\x10\x0e\xba\x5b\xc4\xf4\xe4\x74\x07\xe2"
	"\xc8\x8e\x09\x36\x5a\x30\x8b\x68\xe2\xae\x22\x58\x63\x27\xa7\xbe"
	"\xe4\x93\x89\x6f\x6c\x80\x70\x14\xaa\x44\x3d\x17\xd4\xb3\x9d\x3d"
	"\x5b\xab\x4e\x26\x6e\xac\x95\x64\xf3\xfc\xd3\xba\xec\x3c\x6c\xab"
	"\xbe\x45\x01\xa9\xa3\x87\x0f\x1c\x44\xd1\xc4\x5c\x06\x18\xa1\x48"
	"\x8e\x3d\x7b\x72\x79\x8d\x2f\xb9\x91\x84\xee\x0d\x21\x4f\x8d\x92"
	"\x28\x67\x59\xc6\xa3\xe0\xa4\x8d\x64\x7d\xb2\x0b\x70\x4a\xd7\x39"
	"\xf5\xf6\xc5\xcc\xd9\x46\x1c\x16\xb2\x88\x6e\x09\x77\xfb\x7e\x54"
	"\xa3\x4c\x46\xa1\xb9\xd3\x73\x63\xdf\x8c\x60\x2c\x9c\x37\x13\xd5"
	"\xe8\x31\x03\x77\xef\x89\xe8\xa2\x41\xdd\xf6\x8e\x49\x97\xbe\x1d"
	"\x92\xc1\x09\x10\x83\xef\x58\x82\xed\xd0\x7f\x33\x3c\xdb\x73\x72"
	"\xca\x6e\x4b\x4f\xbb\xce\x8e\xa7\x74\xa5\xb2\xdb\x63\x1f\xfb\xbf"
	"\x3d\x5e\x04\x18\xfc\xad\xac\x87\x4d\x54\xdc\x3d\x7e\x7b\x7a\xd8"
	"\x2b\xde\x1f\xbe\xae\x5f\xfa\x60\x97\xa3\x00\x97\xc3\x54\x96\xbc"
	"\x4d\x2a\x51\xcc\x03\x53\x43\xc4\x68\x59\x2c\x1a\xa7\x71\x8a\xd2"
	"\x31\x76\x47\xde\x52\x34\xca\xdc\x6b\x82\x92\x5a\x84\x0b\x77\xca"
	"\xfd\xc2\x51\x45\x60\x78\x6e\x6b\x5b\x26\x0c\x39\x4c\x1d\x43\xec"
	"\x2a\x7f\x00\xca\x4e\x18\xfd\x10\x58\x10\xee\x1a\x63\x5c\x34\xba"
	"\x88\xe2\x0a\xdd\x6d\xf7\x8a\xcb\x38\x8b\xc5\xb5\xcf\x16\x2a\x57"
	"\x79\xce\xd0\x68\xa5\x2c\x64\xf8\xfa\xa4\x11\xbb\x63\x4b\xac\x9a"
	"\x38\xeb\x30\xb2\x89\x6d\xd8\xcd\xc9\xe1\x79\x9b\x30\x34\xc8\x70"
	"\xf4\x38\xc5\x28\x34\xd2\x14\x72\xab\x65\x22\x3f\x0f\x6e\xb5\x03"
	"\x75\x6b\x03\x54\x74\x6d\xc9\x66\x2b\x22\x10\xdd\x1c\x8d\x43\x15"
	"\xd3\xd7\xb4\xf1\x12\xb4\x2a\xcc\xe7\x2e\x9c\x60\x4c\xc9\xef\x4a"
	"\xdc\x7b\xdd\xfb\x8e\x81\x52\x36\x3f\x1e\x75\x94\x22\xe5\x65\xab"
	"\x4f\x89\xb6\x57\x97\x6a\x7c\x48\x4b\x34\xb2\xb3\x1f\x0a\xeb\xe4"
	"\xd7\xa5\xcb\x8b\xfd\x7d\xeb\xea\x13\xd2\xd9\x4d\x2d\x22\xb3\x13"
	"\x28\xeb\x41\x59\xa4\x91\x58\x8d\xcb\xf3\xa3\x75\xd6\x20\x5d\x24"
	"\x4b\x75\x8a\xe5\x01\x5b\x36\xdc\x41\x95\xf4\x6d\x99\x1a\xe3\xdf"
	"\x21\x61\x83\xd3\xe4\x20\x5f\x84\xed\xb8\x2f\x88\x05\x77\xed\xe9"
	"\x00\xf3\x14\xa7\xc4\x1c\x6f\x3e\x1e\x99\xe9\x68\xfa\x81\x12\x71"
	"\x73\xed\x1b\x47\x50\xfc\x55\x31\xc9\x28\xe7\x7f\xa0\x08\x44\xc6"
	"\xd9\x32\x98\x59\xc1\x40\xf1\x07\x50\xb0\x6d\xdd\xfe\xa4\xc0\x41"
	"\xb9\x60\xc8\x36\xf6\x49\x07\x31\x2f\x70\x3a\xe9\x43\xb8\x9e\x57"
	"\x67\x9b\xaf\x2f\x77\x2f\x7f\xf6\x5e\x9e\xde\xdf\x36\x8f\xa6\x30"
	"\x1d\xf3\x5a\x30\x7c\x4f\x95\xf9\x5c\x37\x7d\x54\x6d\x2d\x37\xfd"
	"\x86\xfb\xe8\x4d\xb2\x16\x45\x52\xad\xda\x99\x28\xf3\x3e\x8e\x80"
	"\x07\x92\xb1\x82\xa0\x16\x0c\xef\x63\x73\xf3\x6a\xdc\x10\x19\x2a"
	"\xe1\xf8\x86\x98\xf9\xac\x55\x4f\xb2\x9f\x21\x84\x5a\xe3\xbd\xfd"
	"\x24\xaf\x6e\x92\x85\xf6\x33\x13\x6c\x66\x4e\x84\x04\x46\x16\x58"
	"\xbb\x95\x34\x39\xb5\x07\x30\x69\x5d\xe1\xdc\x22\xf3\xba\x69\xfd"
	"\xda\xa6\xa3\x11\xe0\x9c\x0d\xf8\xaf\x75\x00\x60\xa6\x2c\x5e\x9d"
	"\x79\x3e\xd5\x14\x6a\x25\x2a\x48\x24\xae\x29\x0e\xa3\x11\x31\xa7"
	"\xc4\x97\x84\xcc\xf8\xb3\xcf\xec\xc7\x63\x57\x15\x4a\xce\x0c\xd6"
	"\x7f\x63\x2b\x2d\xca\x62\xe9\xba\xf7\xea\x64\x35\x5a\xfa\x04\x88"
	"\x82\x38\x54\x23\x66\x15\x9e\x89\x85\xfb\x56\x5d\x87\x85\xdd\xcf"
	"\x16\x9a\x54\xaa\x23\x4a\x99\x37\x74\xed\xd4\x94\xf9\xd2\x8f\x5b"
	"\x7f\xaa\x0f\x8d\x72\x53\x4b\x24\x5b\xf8\x6d\x50\x9a\x5b\x24\xf8"
	"\xe3\xd5\x28\x52\x1b\x27\x5f\xbc\x26\xde\xe1\x72\xef\xfc\xd6\x8c"
	"\x22\x67\x10\xb4\xe8\x37\x5a\x45\x9e\xe3\x19\xc1\xd0\x33\xb7\xcc"
	"\xca\xdc\x0c\x74\x62\xa6\xe2\x39\xdb\x19\x41\x82\x02\x0d\x12\x9e"
	"\x5b\x4a\x86\x03\xee\x4b\x6b\x97\x79\xe5\x4d\x8f\x73\x6f\xf2\x4c"
	"\x9a\x0f\x88\x4a\x7c\xa8\x0e\xb8\x92\xe2\x5a\x22\x5a\x99\x9c\x4c"
	"\x22\xd7\x30\x9f\x7a\x57\xc7\xbc\xf6\x83\x87\x72\x9e\x05\x1c\x68"
	"\xd1\xd9\xa4\x28\xcb\x6a\x1c\x44\xc6\x02\xa0\xb7\x3d\x11\x65\x06"
	"\x1d\x38\x84\xc5\xb8\xd2\x4b\x93\x79\x66\xa5\x65\x87\xc1\xdf\xa1"
	"\x29\x5d\x64\xf6\x3d\xe7\x24\xbb\x6d\xeb\xc8\x36\xe5\x94\x22\x25"
	"\xd4\xf9\x94\x38\x66\x46\xc7\xb3\xaa\xcc\x32\xdf\x65\x93\x8a\xc3"
	"\x7a\x31\xe6\x38\x8f\x67\xa9\xc1\x3d\x31\x1e\x9b\x60\x73\x10\x47"
	"\x84\xd1\xf3\xb3\xb2\xa8\x3d\xce\x71\x98\x7a\xf6\x7b\x72\x3a\x4a"
	"\xc2\x38\x2c\xd0\x66\x96\xd4\xf6\xb8\xb4\xb2\xca\xbc\x6f\xad\x4a"
	"\x8c\x98\x57\x66\x23\xc6\xaf\xbc\xf9\xd5\xab\x8f\xdc\x98\xb0\x52"
	"\x3b\x9c\xd8\x61\xdc\x94\xaf\x4b\xa0\x9b\x17\xd7\xf8\x0f\xc3\x3c"
	"\xfb\xff\x64\x83\xf8\xf0\x68\x54\x02\x00"
MAGIC_END;
